"t","j","x_1","x_2","x_3","xi","c","p","q","s","y"
1,0,0,0,0,0,0,0,198.825548853742,0.397651097707485,0
1,1,1,0.974858104856971,-0.0323805261978922,-0.0155795506705329,0.603655337991237,1.58400639042594,260.384934506573,0.520769869013146,0.269733252137286
1,4,1,-0.610776774312712,1.18780264243502,0.0417941560199702,1.30182880443452,2.35255496396189,40.7895166396846,0.0815790332793692,-1.58400269803766
2,0,0,0,0,0,0,0,105.604243141961,0.211208486283922,0
2,1,1,0.974858104856971,-0.0323805261978922,-0.0394289953710349,0.890268591251523,1.87111137270574,32.8904230630337,0.0657808461260674,-1.16651702864676
2,3,1,1.15156270330698,1.64244239019618,0.110002537198388,2.28874095960831,3.39986860163758,6.77535836944287,0.0135507167388857,-2.74640629050793
2,4,1,-0.610776774312712,1.18780264243502,0.0763175748457544,0.996820600571623,2.08744307770848,14.104795342378,0.0282095906847561,-2.01318371696451
2,6,1,0.779686472822862,1.56427260146213,-0.0253361680136508,1.14924973432581,2.12733800078818,17.3501531464906,0.0347003062929811,-1.80609721849251
2,7,1,-1.24248116108361,0.149129966730381,0.0696963375404737,0.613269087908429,1.67851837851404,25.209002048984,0.0504180040979679,-1.43249739683944
2,8,1,-4.429399774355,-3.97870339172675,0.0556663198673657,0.629208202760863,1.66687764377908,289.802747331181,0.579605494662362,1.00950195820195
2,9,1,2.24986183628622,1.23965149578942,-0.068875569454952,2.61139674964153,3.53364066951075,8.26327755652864,0.0165265551130573,-2.54787724429313
3,0,0,0,0,0,0,0,157.560874920706,0.315121749841411,0
3,1,1,0.974858104856971,-0.0323805261978922,0.036458196213683,1.4492423258438,2.48366383346063,31.8704677956026,0.0637409355912052,-1.59813208445952
3,2,1,1.47664941025843,1.8876724213706,0.0768532924515416,1.07657714927831,2.17594255518804,21.7347728335066,0.0434695456670132,-1.98089847828235
3,3,1,1.15156270330698,1.64244239019618,-0.0112346212150228,1.27467887290136,2.27212053498082,16.8651754708122,0.0337303509416244,-2.23456101812855
3,4,1,-0.610776774312712,1.18780264243502,0.0881107726454215,1.07888491298133,2.17869397199743,17.9819806142027,0.0359639612284054,-2.17044171152879
3,5,1,3.0235623369017,1.83795474321644,0.0398105880367068,1.02122141546095,2.07886765507891,42.1996716276012,0.0843993432552024,-1.31739945134876
3,6,1,0.779686472822862,1.56427260146213,-0.0612026393250771,1.11818983153923,2.0439831879921,20.6440254167938,0.0412880508335876,-2.03238593954305
3,8,1,-4.429399774355,-3.97870339172675,-0.112936309608079,3.32214630341892,4.21255997835424,138.9326426561,0.2778652853122,-0.125822660550559
3,10,1,-0.0898672180304617,-0.112257479058002,0.198039989850586,0.881964053497345,2.09785267327471,52.2103886646751,0.10442077732935,-1.1045303993719
4,0,0,0,0,0,0,0,96.7007360529124,0.193401472105825,0
4,2,1,1.47664941025843,1.8876724213706,-0.104413462631653,0.730790069574018,1.61896638488136,27.1595171615447,0.0543190343230894,-1.26989348917082
4,3,1,1.15156270330698,1.64244239019618,0.0569719627442413,2.35273681753437,3.41784862037154,4.80005515942819,0.00960011031885638,-3.00299360475067
4,5,1,3.0235623369017,1.83795474321644,0.240161776050478,0.313252586509665,1.60139530042815,62.0791097866433,0.124158219573287,-0.443211478150884
4,6,1,0.779686472822862,1.56427260146213,-0.00392400027331692,1.97794731568118,2.97070438698417,5.70180842091411,0.0114036168418282,-2.83083762279696
4,7,1,-1.24248116108361,0.149129966730381,0.0689739362450777,1.76140989729064,2.82870610022013,5.95120998944972,0.0119024199788994,-2.78802645569186
4,8,1,-4.429399774355,-3.97870339172675,0.00280021587806661,0.67898369858992,1.67757322799815,260.067038112423,0.520134076224846,0.989318422528705
4,10,1,-0.0898672180304617,-0.112257479058002,0.0188792299514343,0.399610965917485,1.4212113411509,37.5405253166844,0.0750810506333688,-0.946199989567072
5,0,0,0,0,0,0,0,264.331257288383,0.528662514576766,0
5,3,1,1.15156270330698,1.64244239019618,0.0153253338211898,0.665488441536311,1.67912892627393,170.244415337321,0.340488830674641,-0.439967937271839
5,9,1,2.24986183628622,1.23965149578942,-0.12536334002391,2.36189241652349,3.23827788227827,65.4243273742963,0.130848654748593,-1.39630891154913
6,0,0,0,0,0,0,0,147.582004012886,0.295164008025772,0
6,1,1,0.974858104856971,-0.0323805261978922,-0.0443291873218433,0.448361644116269,1.40439171855332,132.149778391962,0.264299556783925,-0.110448016595356
6,2,1,1.47664941025843,1.8876724213706,0.000110535163162413,0.397402876395194,1.40624051122428,54.6906021269897,0.109381204253979,-0.992692093584231
6,3,1,1.15156270330698,1.64244239019618,0.00743413241516641,1.32031268701096,2.33159373066789,15.9660822337276,0.0319321644674553,-2.22391736893785
6,4,1,-0.610776774312712,1.18780264243502,-0.0589520946188072,0.970387700915011,1.9265809787172,21.1767977963211,0.0423535955926422,-1.94147784193359
6,6,1,0.779686472822862,1.56427260146213,-0.0135178615123832,0.932002582312631,1.89250545357573,24.1032840526277,0.0482065681052555,-1.8120358817442
6,7,1,-1.24248116108361,0.149129966730381,0.11780869965732,1.21719248225088,2.34909572821721,29.9094017294152,0.0598188034588304,-1.59621111061919
6,10,1,-0.0898672180304617,-0.112257479058002,0.0332950371213518,0.732361283649025,1.75619703405329,74.4220496560705,0.148844099312141,-0.684631716424846
7,0,0,0,0,0,0,0,189.52481567234,0.37904963134468,0
7,1,1,0.974858104856971,-0.0323805261978922,0.106309983727636,1.87949794437525,2.99061433215607,51.7129881126328,0.103425976225266,-1.29881099865389
7,2,1,1.47664941025843,1.8876724213706,-0.0304183923634301,0.816370468618177,1.78105112416794,52.0708952759357,0.104141790551871,-1.29191380863832
7,3,1,1.15156270330698,1.64244239019618,0.0370018809916288,1.39568018704691,2.43082805617313,24.2894800675981,0.0485789601351962,-2.05447663178375
7,5,1,3.0235623369017,1.83795474321644,-0.054252003099165,2.43698650576037,3.37490703656068,14.9092999928342,0.0298185999856683,-2.54253479052777
7,7,1,-1.24248116108361,0.149129966730381,0.116040261569495,0.8446393242677,1.95410108607198,101.908293240426,0.203816586480851,-0.620446646378914
7,9,1,2.24986183628622,1.23965149578942,0.158683345454085,0.939267836828683,2.10771994077233,65.5842276382334,0.131168455276467,-1.06118473466732
8,0,0,0,0,0,0,0,129.491192857731,0.258982385715461,0
8,1,1,0.974858104856971,-0.0323805261978922,-0.127659220845804,2.3366001544713,3.23222760715679,7.01350065662159,0.0140270013132432,-2.91577591320616
8,2,1,1.47664941025843,1.8876724213706,-0.0573265414236886,1.70223241901927,2.6290295821293,8.36605603602849,0.016732112072057,-2.7394302989417
8,3,1,1.15156270330698,1.64244239019618,-0.122461261489836,0.681602716422968,1.5666188389718,28.6226948885989,0.0572453897771977,-1.50941293928363
8,4,1,-0.610776774312712,1.18780264243502,-0.0473400636439312,1.21046402712456,2.15276438409608,9.74887119011631,0.0194977423802326,-2.58646136707169
8,6,1,0.779686472822862,1.56427260146213,0.00421158731442352,0.567576517835068,1.57133808990593,29.4692599368288,0.0589385198736577,-1.48026518599721
8,7,1,-1.24248116108361,0.149129966730381,-0.0910921648552446,2.10634392337923,3.03947252244033,4.61774095823495,0.0092354819164699,-3.3337072545765
8,8,1,-4.429399774355,-3.97870339172675,0.0158028772404075,0.883270703850882,1.91374979918255,244.45382476022,0.488907649520441,0.635413565286732
8,9,1,2.24986183628622,1.23965149578942,-0.0654584643918818,1.09613664184579,2.03449252632065,23.4572532209811,0.0469145064419622,-1.7084331171404
8,10,1,-0.0898672180304617,-0.112257479058002,0.176728726937265,1.22438111577232,2.40992233873074,14.7596054946388,0.0295192109892775,-2.17171877919665
9,0,0,0,0,0,0,0,153.406843879174,0.306813687758347,0
9,1,1,0.974858104856971,-0.0323805261978922,0.0716707476017206,0.608315124351384,1.70478557614357,123.005593663699,0.246011187327398,-0.2208636712559
9,2,1,1.47664941025843,1.8876724213706,0.0910174229495227,0.581168431527748,1.67389117457377,37.2622848500175,0.0745245697000349,-1.4151118174483
9,3,1,1.15156270330698,1.64244239019618,0.0384185357826345,0.976020901560689,2.00596475354262,22.6218795445774,0.0452437590891548,-1.91417594314252
9,4,1,-0.610776774312712,1.18780264243502,0.168217608051942,1.33381439049923,2.50105546122007,15.2681369868329,0.0305362739736659,-2.30732539553912
9,5,1,3.0235623369017,1.83795474321644,-0.0635736453948977,1.03760509660225,1.97054552912165,32.9862560893202,0.0659725121786403,-1.53700250996302
9,7,1,-1.24248116108361,0.149129966730381,0.143228223854166,1.18233352791267,2.34892433756188,38.9135511932437,0.0778271023864875,-1.37175095285018
9,9,1,2.24986183628622,1.23965149578942,-0.0207380743601965,0.495864312609071,1.45943791581797,76.5354537931358,0.153070907586272,-0.695339420785122
10,0,0,0,0,0,0,0,98.9923101897428,0.197984620379486,0
10,1,1,0.974858104856971,-0.0323805261978922,-0.0319992868548507,0.673747260327507,1.65288661634291,30.5986017556529,0.0611972035113059,-1.17408785861205
10,2,1,1.47664941025843,1.8876724213706,-0.0279113302976559,0.792260961404447,1.76168916425003,20.5950791739725,0.041190158347945,-1.56999000005619
10,4,1,-0.610776774312712,1.18780264243502,-0.0177330482269606,0.438706109886454,1.42164115290858,22.3197018194503,0.0446394036389007,-1.48957239418641
10,5,1,3.0235623369017,1.83795474321644,-0.0505957462114257,0.951449682452133,1.8953934235664,29.8817102516898,0.0597634205033796,-1.19779557630102
10,6,1,0.779686472822862,1.56427260146213,0.134303882517041,0.802575924550368,1.94226649869369,15.2645365759061,0.0305290731518122,-1.8695099051449
10,8,1,-4.429399774355,-3.97870339172675,-0.0179556530043387,0.757828025652253,1.74545959763025,246.046174518964,0.492092349037929,0.910477047348623
10,9,1,2.24986183628622,1.23965149578942,-0.0100190741213562,1.8640370419854,2.86650887677432,8.78565315847628,0.0175713063169526,-2.42192210410551
10,10,1,-0.0898672180304617,-0.112257479058002,0.0712666307051405,0.532879118295702,1.60727800736959,27.5162325561449,0.0550324651122897,-1.28026606696886
11,0,0,0,0,0,0,0,97.6926563095137,0.195385312619027,0
11,1,1,0.974858104856971,-0.0323805261978922,-0.00735644041263263,0.897903892172705,1.88606262976008,37.2791799863615,0.074558359972723,-0.963391397005835
11,3,1,1.15156270330698,1.64244239019618,-0.0681660478755657,0.713848402900808,1.6341804788026,42.8154802860283,0.0856309605720566,-0.82492666438734
11,8,1,-4.429399774355,-3.97870339172675,-0.151839408178679,0.49717420115695,1.35275193706267,285.018226267273,0.570036452534546,1.0707267395315
11,9,1,2.24986183628622,1.23965149578942,0.0306557860789766,1.09406769816734,2.14591501609067,37.1944571508235,0.0743889143016469,-0.965666641651963
12,0,0,0,0,0,0,0,145.414948604454,0.290829897208907,0
12,2,1,1.47664941025843,1.8876724213706,-0.0528279904445006,0.808267508209821,1.75409346870926,55.1626089632483,0.110325217926497,-0.969306020116729
12,4,1,-0.610776774312712,1.18780264243502,-0.00568967778473926,0.71024258568107,1.68904072449946,41.3839071312719,0.0827678142625438,-1.25669928139883
12,8,1,-4.429399774355,-3.97870339172675,-0.0463530401472386,1.83756992453691,2.79493491232419,197.019105482927,0.394038210965854,0.303709336158104
12,10,1,-0.0898672180304617,-0.112257479058002,-0.0750819001193448,0.783408306463619,1.70045560799743,61.0194298180992,0.122038859636198,-0.868399034960001
13,0,0,0,0,0,0,0,222.382984516078,0.444765969032156,0
13,2,1,1.47664941025843,1.8876724213706,0.00173956196932517,0.822662531610111,1.82964766131747,110.178896522948,0.220357793045896,-0.702295674205236
13,3,1,1.15156270330698,1.64244239019618,-0.128630053043433,1.5023517408338,2.37343621806566,50.2896964367335,0.100579392873467,-1.48660083706803
13,7,1,-1.24248116108361,0.149129966730381,-0.0318068374543844,1.47101406761077,2.43812378489482,117.148422524241,0.234296845048481,-0.640959351550907
14,0,0,0,0,0,0,0,103.210612962746,0.206421225925492,0
14,1,1,0.974858104856971,-0.0323805261978922,0.100002880371391,1.06014225978447,2.1647648112496,16.4248944674206,0.0328497889348411,-1.83797354731517
14,2,1,1.47664941025843,1.8876724213706,-0.0621266694796823,0.935897034897703,1.86759110184152,13.8057801809876,0.0276115603619751,-2.01168432838303
14,4,1,-0.610776774312712,1.18780264243502,0.186929062242358,0.732594300045228,1.92142459710656,11.4971431254424,0.0229942862508847,-2.19467310591391
14,5,1,3.0235623369017,1.83795474321644,0.0425100377372448,0.701396640652461,1.74040448879881,30.471642699747,0.060943285399494,-1.21997518296547
14,6,1,0.779686472822862,1.56427260146213,-0.0238647100913033,1.54608001845326,2.51894148615449,5.9813930516887,0.0119627861033774,-2.84811819392532
14,7,1,-1.24248116108361,0.149129966730381,0.105848304870902,1.05397529389655,2.16320686564862,9.31975626397149,0.018639512527943,-2.40463521012507
14,8,1,-4.429399774355,-3.97870339172675,0.0886422651374936,0.91076749504396,2.03111149729703,223.937927757892,0.447875855515783,0.774597218683549
14,9,1,2.24986183628622,1.23965149578942,-0.0619243048231147,0.200569538644155,1.14188913154086,61.1362064235599,0.12227241284712,-0.523667419382442
14,10,1,-0.0898672180304617,-0.112257479058002,0.220610246454047,0.528448802504516,1.75699585377922,24.2146430665449,0.0484292861330897,-1.44981415097951
15,0,0,0,0,0,0,0,182.102159228066,0.364204318456132,0
15,1,1,0.974858104856971,-0.0323805261978922,-0.0255027030141015,1.4644110660429,2.44833147722497,106.689711333482,0.213379422666964,-0.534643116495729
15,3,1,1.15156270330698,1.64244239019618,-0.0144399601954219,0.54653392745898,1.54618775175733,89.948750466372,0.179897500932744,-0.705327775163075
15,4,1,-0.610776774312712,1.18780264243502,0.0207538339232345,0.802790634285393,1.82431042977828,59.4116293434607,0.118823258686921,-1.1200778566396
15,6,1,0.779686472822862,1.56427260146213,0.0105802367893711,0.778239316325091,1.78870163315042,61.8477496286192,0.123695499257238,-1.07989213020134
16,0,0,0,0,0,0,0,191.468397109775,0.382936794219551,0
16,1,1,0.974858104856971,-0.0323805261978922,0.0787639605630162,0.847949952042905,1.91938709371425,136.112316369057,0.272224632738114,-0.34124236629493
16,2,1,1.47664941025843,1.8876724213706,0.207524500865229,1.5252713932221,2.7706682227464,21.3713376740074,0.0427426753480149,-2.19267210360023
16,4,1,-0.610776774312712,1.18780264243502,0.12079083983867,0.93275686909677,2.05631422703405,36.2979241071346,0.0725958482142692,-1.66296221435039
16,5,1,3.0235623369017,1.83795474321644,-0.123132342155804,2.98237198861838,3.86318582500009,11.5258878048952,0.0230517756097905,-2.81012714797613
16,7,1,-1.24248116108361,0.149129966730381,0.0219924803660651,0.858426288628111,1.86983327701247,83.8298404951807,0.167659680990361,-0.825933730924349
16,10,1,-0.0898672180304617,-0.112257479058002,-0.0158754604716016,2.86650833440271,3.85817054446367,19.3942964399496,0.0387885928798992,-2.289743741952
17,0,0,0,0,0,0,0,142.172185530833,0.284344371061665,0
17,1,1,0.974858104856971,-0.0323805261978922,0.14645873119698,1.2288496875476,2.36689107026697,41.6356848727205,0.0832713697454411,-1.2280812881884
17,2,1,1.47664941025843,1.8876724213706,-0.0766081999604665,0.87754026465599,1.8055754301229,57.2078010791777,0.114415602158355,-0.910348625598154
17,3,1,1.15156270330698,1.64244239019618,-0.0430211753928547,2.82043695915607,3.76726431598368,7.41230556878003,0.0148246111375601,-2.95389736338938
17,7,1,-1.24248116108361,0.149129966730381,-0.0731748173119606,0.599971163946628,1.52761251531771,60.5174573539546,0.121034914707909,-0.854107022468854
17,8,1,-4.429399774355,-3.97870339172675,0.0830373167981674,1.83887264216868,2.91536242706892,191.054565594534,0.382109131189069,0.295520173800054
18,0,0,0,0,0,0,0,74.3692382646998,0.1487384765294,0
18,1,1,0.974858104856971,-0.0323805261978922,0.144115770684428,1.00778778998237,2.17331935557582,16.260812644425,0.0325216252888499,-1.5202843111523
18,2,1,1.47664941025843,1.8876724213706,-0.101584746530465,0.801589330228378,1.70862516709236,17.8470218084633,0.0356940436169267,-1.42720574331386
18,3,1,1.15156270330698,1.64244239019618,0.0411974712317515,0.440870601846468,1.48371757329614,25.7293735777471,0.0514587471554942,-1.06140911214502
18,4,1,-0.610776774312712,1.18780264243502,-0.038107605110892,0.725640491126082,1.69850280518431,12.2818429374048,0.0245636858748096,-1.80092040436045
18,5,1,3.0235623369017,1.83795474321644,0.0409401839650934,0.459085931326365,1.51047221583448,48.2667401767413,0.0965334803534827,-0.432299677873889
18,6,1,0.779686472822862,1.56427260146213,0.168887328620405,2.61583099325063,3.80943828488278,3.38241205124803,0.00676482410249606,-3.09045331253948
18,7,1,-1.24248116108361,0.149129966730381,0.158658843344197,0.395179647292735,1.55880754251508,19.1198108421107,0.0382396216842215,-1.35831737777575
18,8,1,-4.429399774355,-3.97870339172675,-0.0330907800682766,0.348868849153575,1.29064597246339,263.702042731649,0.527404085463297,1.26577744759685
18,9,1,2.24986183628622,1.23965149578942,-0.228523553529247,1.41740007948518,2.20860836726184,11.7729023052157,0.0235458046104315,-1.84324191629982
18,10,1,-0.0898672180304617,-0.112257479058002,0.249766158983416,1.57416064098661,2.87467278953721,7.26780266029559,0.0145356053205912,-2.32558839384778
19,0,0,0,0,0,0,0,112.479856955744,0.224959713911488,0
19,3,1,1.15156270330698,1.64244239019618,-0.00133995231459087,1.43694823752043,2.41548806427425,15.9872361404712,0.0319744722809425,-1.95098349367658
19,5,1,3.0235623369017,1.83795474321644,-0.0164375831769667,0.451455904785678,1.42723485655067,92.5506367455421,0.185101273491084,-0.195018237318461
19,8,1,-4.429399774355,-3.97870339172675,-0.137020787754746,0.843941818032479,1.71385335160843,278.982270158243,0.557964540316485,0.908374075651236
20,0,0,0,0,0,0,0,118.900061353841,0.237800122707682,0
20,2,1,1.47664941025843,1.8876724213706,-0.125328975560769,0.864520663561731,1.73710120001027,27.1487457304521,0.0542974914609041,-1.47695247216933
20,3,1,1.15156270330698,1.64244239019618,0.0642241305677824,1.47415688775127,2.54017792796898,10.5775105353769,0.0211550210707539,-2.41955322007946
20,4,1,-0.610776774312712,1.18780264243502,-0.00447091368939791,1.1593538413581,2.17676969470987,11.5313986560829,0.0230627973121658,-2.33320968696659
20,5,1,3.0235623369017,1.83795474321644,-0.173321840682484,0.77213198589073,1.62459626657307,51.6986205719967,0.103397241143993,-0.832852219943007
20,8,1,-4.429399774355,-3.97870339172675,-0.0340968579860405,0.973028226046787,1.95180076396574,244.485206037155,0.48897041207431,0.720871480370081
20,9,1,2.24986183628622,1.23965149578942,-0.115657236263585,1.3027609242914,2.19628937314945,19.4180642391717,0.0388361284783434,-1.81207954053822
20,10,1,-0.0898672180304617,-0.112257479058002,0.180314190791747,1.21514967757862,2.40774177804856,16.2403928759237,0.0324807857518475,-1.99078179340058
21,0,0,0,0,0,0,0,106.274900771974,0.212549801543947,0
21,1,1,0.974858104856971,-0.0323805261978922,-0.0331132036391221,0.702657497325061,1.66972243412967,30.4395082909143,0.0608790165818286,-1.25028776107678
21,2,1,1.47664941025843,1.8876724213706,-0.160551341225308,0.973761143903141,1.8356074222879,18.0952958286544,0.0361905916573087,-1.77037713503045
21,3,1,1.15156270330698,1.64244239019618,0.0197193438739481,3.68113910760347,4.69997711241752,1.74824300495403,0.00349648600990806,-4.10741785412973
21,4,1,-0.610776774312712,1.18780264243502,0.0263175646405474,0.964354269509667,1.9931017060267,10.2789915450414,0.0205579830900827,-2.33592698406964
21,5,1,3.0235623369017,1.83795474321644,-0.0985826700409291,0.862313879096382,1.77553376792164,35.7101009404991,0.0714202018809983,-1.09059555227773
21,6,1,0.779686472822862,1.56427260146213,-0.288892067167955,1.4436363419968,2.18867923261266,7.83590535088433,0.0156718107017687,-2.60731271929784
21,7,1,-1.24248116108361,0.149129966730381,-0.0640481702565115,1.22230738689118,2.14145045407385,7.72846492442959,0.0154569298488592,-2.62111888442398
21,8,1,-4.429399774355,-3.97870339172675,0.0570507635920485,0.764028231693559,1.82250836601809,234.830050034283,0.469660100068566,0.792832920618404
21,9,1,2.24986183628622,1.23965149578942,-0.00597232760426101,0.581955435517306,1.58822550910144,39.8246029235259,0.0796492058470518,-0.981544255339801
21,10,1,-0.0898672180304617,-0.112257479058002,-0.00981787440052344,1.52790987053407,2.5164216788817,7.23393638484028,0.0144678727696806,-2.68724580097408
22,0,0,0,0,0,0,0,82.239462805528,0.164478925611056,0
22,1,1,0.974858104856971,-0.0323805261978922,0.0560820728620116,1.061223520933,2.12595454188879,17.9934099811878,0.0359868199623756,-1.51962969094706
22,2,1,1.47664941025843,1.8876724213706,-0.118645863857947,1.27267834312208,2.15594843455514,13.2638619921465,0.0265277239842931,-1.82459207600618
22,5,1,3.0235623369017,1.83795474321644,0.0707310667398079,1.03515098896763,2.10431963603724,29.5508067209721,0.0591016134419442,-1.02352422597001
22,6,1,0.779686472822862,1.56427260146213,0.103410773473746,3.30451048867332,4.42283828040583,2.28496254395968,0.00456992508791936,-3.58328563757994
22,7,1,-1.24248116108361,0.149129966730381,0.0223480414915304,0.481482283337689,1.51387404035839,21.9096813417972,0.0438193626835945,-1.32270666011175
22,8,1,-4.429399774355,-3.97870339172675,-0.0878707612866019,0.611155930863671,1.52328198660539,272.137986517897,0.544275973035793,1.19667397138419
22,9,1,2.24986183628622,1.23965149578942,0.116296455596733,0.512719240936387,1.63718106025214,41.8269385730985,0.083653877146197,-0.676094674227009
22,10,1,-0.0898672180304617,-0.112257479058002,-0.200016494478548,0.833129817294836,1.65942026344496,18.7928895234135,0.0375857790468271,-1.4761566881974
23,0,0,0,0,0,0,0,206.058337394245,0.41211667478849,0
23,4,1,-0.610776774312712,1.18780264243502,0.102046390878411,0.525022819406701,1.6289612749994,100.880479104034,0.201760958208067,-0.71422287904036
23,10,1,-0.0898672180304617,-0.112257479058002,0.11462283572158,0.777582899320315,1.89428106496878,193.061183501722,0.386122367003443,-0.0651521683035289
24,0,0,0,0,0,0,0,116.797991193297,0.233595982386594,0
24,1,1,0.974858104856971,-0.0323805261978922,-0.240309621489187,1.354900171744,2.13815187169164,12.2822889932349,0.0245645779864698,-2.25228756610948
24,2,1,1.47664941025843,1.8876724213706,0.0572739555245841,0.994991874560953,2.0545719820282,14.6968499024631,0.0293936998049261,-2.07281269308735
24,3,1,1.15156270330698,1.64244239019618,0.0374724406778655,1.14759121479334,2.19286538968485,11.0075021557877,0.0220150043115755,-2.36186881706378
24,4,1,-0.610776774312712,1.18780264243502,-0.0425267721556076,0.518845363185478,1.49236960327011,21.4297891835636,0.0428595783671273,-1.69566389956614
24,5,1,3.0235623369017,1.83795474321644,0.0951012807576816,0.807942057803363,1.91667112073737,30.045759322566,0.060091518645132,-1.35772434124923
24,7,1,-1.24248116108361,0.149129966730381,-0.0284330661799574,0.628588177599159,1.6152910684201,19.0086228036747,0.0380172456073493,-1.8155531635704
24,8,1,-4.429399774355,-3.97870339172675,0.0857409778079803,0.698059943399668,1.79641191509379,252.255304679834,0.504510609359668,0.769995816908146
24,9,1,2.24986183628622,1.23965149578942,0.17196272991206,0.812698339219926,2.00109909398937,22.4758917655789,0.0449517835311577,-1.64800261387566
25,0,0,0,0,0,0,0,195.786584076879,0.391573168153759,0
25,1,1,0.974858104856971,-0.0323805261978922,-0.042218400978764,1.37262430656607,2.33649375231898,79.2381286977358,0.158476257395472,-0.904567603319979
25,2,1,1.47664941025843,1.8876724213706,-0.118911329485959,0.775233978983627,1.66175363607425,50.0974241708743,0.100194848341749,-1.36305561623064
25,3,1,1.15156270330698,1.64244239019618,-0.033103297887901,0.651482782875998,1.61330407325982,59.9189935311579,0.119837987062316,-1.18403166705336
25,4,1,-0.610776774312712,1.18780264243502,-0.0939829326510021,2.24360464370574,3.16200942591664,10.2475970552427,0.0204951941104855,-2.94998196477902
25,5,1,3.0235623369017,1.83795474321644,-0.0258932583118785,1.64367272333519,2.5968019087022,26.7670984818702,0.0535341969637404,-1.98985174451726
25,7,1,-1.24248116108361,0.149129966730381,-0.0851857092023863,2.33961254472544,3.24766162952101,21.4341002106463,0.0428682004212926,-2.21204208765243
25,9,1,2.24986183628622,1.23965149578942,0.0156011675665079,2.78544819157717,3.80343548647914,10.776908907171,0.021553817814342,-2.89961942818769
25,10,1,-0.0898672180304617,-0.112257479058002,0.113020726745494,1.84637574723118,2.96459972830925,45.7331648684223,0.0914663297368446,-1.45420146626291
26,0,0,0,0,0,0,0,220.080700624988,0.440161401249977,0
26,1,1,0.974858104856971,-0.0323805261978922,-0.228912397984011,1.16592120212123,1.94538202630294,149.242615604797,0.298485231209594,-0.388421025748729
26,3,1,1.15156270330698,1.64244239019618,-0.131624516045156,1.03114591351692,1.9115113319824,70.2716257822561,0.140543251564512,-1.14162619895509
26,4,1,-0.610776774312712,1.18780264243502,0.0919803677609141,0.94609442896073,2.04950865769725,60.4050579879584,0.120810115975917,-1.29292145715552
27,0,0,0,0,0,0,0,149.395764557354,0.298791529114708,0
27,1,1,0.974858104856971,-0.0323805261978922,-0.0668178606753393,1.0952659903043,2.03299718014676,50.40926627611,0.10081853255222,-1.08642390975098
27,2,1,1.47664941025843,1.8876724213706,0.0945184953373082,1.77351612815927,2.88283250576433,16.9345912566717,0.0338691825133434,-2.1772405726453
27,3,1,1.15156270330698,1.64244239019618,0.0433702149545162,2.09310667840212,3.16146113578475,11.0090492328734,0.0220180984657468,-2.60788133047875
27,4,1,-0.610776774312712,1.18780264243502,0.100515921767704,1.2262639111121,2.32713474644614,17.4829321931165,0.0349658643862331,-2.14537382085252
27,6,1,0.779686472822862,1.56427260146213,0.0376370291774648,0.986553303537155,2.00305507661812,34.7698131077948,0.0695396262155897,-1.45784935170787
27,7,1,-1.24248116108361,0.149129966730381,0.0244164924486494,1.2825638747215,2.29919602089332,18.940496603682,0.0378809932073641,-2.06529661536424
27,8,1,-4.429399774355,-3.97870339172675,-0.142625734238254,1.80908285482872,2.6874087691494,201.058086772397,0.402116173544795,0.296994932613402
28,0,0,0,0,0,0,0,325.631158296935,0.65126231659387,0
28,4,1,-0.610776774312712,1.18780264243502,-0.0305815419766971,1.37388373492424,2.34602299029805,174.368841703065,0.34873768340613,-0.624592489011269
29,0,0,0,0,0,0,0,114.240723066433,0.228481446132866,0
29,1,1,0.974858104856971,-0.0323805261978922,0.0082965733585914,0.630523199584059,1.64068738647496,42.2019914024302,0.0844039828048603,-0.995840418374662
29,2,1,1.47664941025843,1.8876724213706,0.05672209148515,0.584565638867202,1.64219407402581,35.2548941587193,0.0705097883174385,-1.17570346693147
29,3,1,1.15156270330698,1.64244239019618,-0.102454847953446,0.758677007077653,1.65864192021676,26.069015177413,0.0521380303548261,-1.47756037678936
29,4,1,-0.610776774312712,1.18780264243502,0.0323006503022436,1.34343625444597,2.39097247850337,7.30296746290502,0.01460593492581,-2.75002706061158
29,6,1,0.779686472822862,1.56427260146213,0.00990784868971982,1.95604207453928,2.98028318783957,5.30488290629966,0.0106097658125993,-3.06968012843999
29,7,1,-1.24248116108361,0.149129966730381,-0.045413690915436,1.12966633938702,2.09124167184191,10.8468572555197,0.0216937145110393,-2.35443244377475
29,8,1,-4.429399774355,-3.97870339172675,-0.065578185245044,1.10289704463694,2.04199192927344,212.783226160406,0.425566452320812,0.621966101992219
29,9,1,2.24986183628622,1.23965149578942,-0.00359224226225114,0.992270165707463,1.9936753677465,25.3137865176674,0.0506275730353349,-1.50695865896976
29,10,1,-0.0898672180304617,-0.112257479058002,0.10691614606768,0.861751214645473,1.97752658304492,20.6816558922068,0.0413633117844135,-1.70906070934265
30,0,0,0,0,0,0,0,249.577979252555,0.49915595850511,0
30,4,1,-0.610776774312712,1.18780264243502,0.0494312836014856,1.72182433331652,2.78255114074388,42.4929513480064,0.0849859026960128,-1.77043319691439
30,5,1,3.0235623369017,1.83795474321644,0.130790152011415,0.83916989302358,1.9648989897192,115.310536963107,0.230621073926215,-0.772142597991103
30,9,1,2.24986183628622,1.23965149578942,0.048202950412376,1.18940434886892,2.23805269655977,92.618532436331,0.185237064872662,-0.991282152525311
31,0,0,0,0,0,0,0,100.804613347591,0.201609226695183,0
31,2,1,1.47664941025843,1.8876724213706,0.0170489470947982,0.661089190597736,1.69901374468984,29.1237299567421,0.0582474599134842,-1.24163081762759
31,4,1,-0.610776774312712,1.18780264243502,0.0679230774015656,0.652460289081754,1.70479074350253,21.5912772342867,0.0431825544685734,-1.54089472054506
31,6,1,0.779686472822862,1.56427260146213,-0.156908218514395,0.661685216867075,1.51710633679019,28.9255449057969,0.0578510898115938,-1.24845901044938
31,8,1,-4.429399774355,-3.97870339172675,0.136443492906985,0.742551353262467,1.89454605921712,284.003873684879,0.568007747369757,1.03580375587648
31,9,1,2.24986183628622,1.23965149578942,-0.0334281364731164,0.814345059013764,1.77897305124631,35.5509608707043,0.0711019217414086,-1.04221693733142
32,0,0,0,0,0,0,0,242.709421433543,0.485418842867085,0
32,2,1,1.47664941025843,1.8876724213706,0.000439870432637403,1.46241449361617,2.47483051841269,43.9721102448408,0.0879442204896817,-1.70830935636206
32,3,1,1.15156270330698,1.64244239019618,-0.0352322305549849,0.998722898164333,1.95551175493893,76.5773533211223,0.153154706642245,-1.15356354675099
32,6,1,0.779686472822862,1.56427260146213,-0.106345741548281,0.8601791996815,1.76757365425733,86.9582498219936,0.173916499643987,-1.02643681486717
32,9,1,2.24986183628622,1.23965149578942,-0.226488935648794,2.00453127529662,2.79969498455011,49.7828651785007,0.0995657303570015,-1.58419407913243
33,0,0,0,0,0,0,0,236.284059083932,0.472568118167865,0
33,3,1,1.15156270330698,1.64244239019618,0.0803283216133648,0.956227007501481,2.05769340145162,77.162719961304,0.154325439922608,-1.11911828307731
33,6,1,0.779686472822862,1.56427260146213,0.0677268492312998,1.48538698313968,2.57402873744901,40.7595480117295,0.0815190960234591,-1.75734460214008
33,7,1,-1.24248116108361,0.149129966730381,0.0379962686566745,1.03466558065692,2.07014910861322,145.793672943034,0.291587345886068,-0.482842298237142
34,0,0,0,0,0,0,0,132.997232156696,0.265994464313393,0
34,1,1,0.974858104856971,-0.0323805261978922,-0.117357694087136,0.556758159583524,1.44157603856624,131.774104824519,0.263548209649038,-0.00923918764687264
34,2,1,1.47664941025843,1.8876724213706,-0.0155642534890318,0.660533535230347,1.64732666769724,33.1898956625814,0.0663797913251628,-1.38808283506657
34,5,1,3.0235623369017,1.83795474321644,-0.259232766994599,0.608521668613105,1.37289057670727,65.496089048182,0.130992178096364,-0.708337885482819
34,6,1,0.779686472822862,1.56427260146213,0.131400216719805,0.520438148195687,1.65821552138369,36.0528114887217,0.0721056229774433,-1.30534346787185
34,7,1,-1.24248116108361,0.149129966730381,-0.0635543001032135,0.488160572250699,1.43973369683097,89.2880809977742,0.178576161995548,-0.398460309648448
34,9,1,2.24986183628622,1.23965149578942,-0.0169318332301963,2.34409547351509,3.32047290661523,11.2017858215254,0.0224035716430508,-2.47425510321231
35,0,0,0,0,0,0,0,288.326779389779,0.576653558779558,0
35,7,1,-1.24248116108361,0.149129966730381,-0.0823081121572025,1.54316238288706,2.48544146396002,211.673220610221,0.423346441220442,-0.309050814307279
36,0,0,0,0,0,0,0,111.643019094341,0.223286038188681,0
36,1,1,0.974858104856971,-0.0323805261978922,0.0128855401597405,1.74574488197765,2.7541920576292,7.83474713955022,0.0156694942791004,-2.65673784932985
36,2,1,1.47664941025843,1.8876724213706,-0.0145875628461003,0.96244692532273,1.93610227609481,15.5399669783961,0.0310799339567921,-1.97189123143135
36,3,1,1.15156270330698,1.64244239019618,-0.0163910956736068,1.59434425606094,2.58570027449766,6.25183375748656,0.0125036675149731,-2.88243162951381
36,4,1,-0.610776774312712,1.18780264243502,0.176355200278492,0.924048361582995,2.11797227516569,9.28535945000908,0.0185707189000182,-2.48686754439202
36,5,1,3.0235623369017,1.83795474321644,0.0762586512418318,0.711233311525572,1.78940796471044,36.9652799358728,0.0739305598717456,-1.10532735944783
36,6,1,0.779686472822862,1.56427260146213,0.111143108073063,0.543323405711731,1.64627059555632,23.2855389308041,0.0465710778616083,-1.56747393028213
36,7,1,-1.24248116108361,0.149129966730381,-0.0923206952829831,0.701554637492303,1.60614157582158,17.2649684720911,0.0345299369441823,-1.8666269467029
36,8,1,-4.429399774355,-3.97870339172675,0.0164341838427956,0.687743177730404,1.70922872988099,245.215715496648,0.490431430993297,0.786831843145775
36,9,1,2.24986183628622,1.23965149578942,0.115482518709727,1.33380900565762,2.44559332166281,12.3914437309494,0.0247828874618988,-2.19830023868744
36,10,1,-0.0898672180304617,-0.112257479058002,-0.00565214245264898,0.974286635214581,1.97363007433886,14.3221270138515,0.0286442540277031,-2.05350076643708
37,0,0,0,0,0,0,0,145.476629445313,0.290953258890626,0
37,2,1,1.47664941025843,1.8876724213706,0.0344845762099456,0.638158858092763,1.68309667102995,28.9946045668086,0.0579892091336172,-1.61290568808467
37,3,1,1.15156270330698,1.64244239019618,-0.190495544558553,2.13047069261921,2.94611001176648,4.74442855100415,0.00948885710200829,-3.42304445835411
37,4,1,-0.610776774312712,1.18780264243502,-0.0811170153140217,0.888363168218842,1.81162034911183,15.8919822500169,0.0317839645000339,-2.21420073030279
37,5,1,3.0235623369017,1.83795474321644,0.13240043212996,0.535581765469328,1.6772603088518,52.8856705450476,0.105771341090095,-1.01188302733673
37,7,1,-1.24248116108361,0.149129966730381,0.109166895553536,1.04775493534455,2.16738581632088,14.0805925160308,0.0281611850320615,-2.33521801939248
37,8,1,-4.429399774355,-3.97870339172675,0.0306604861513632,1.51667516011552,2.53440671593346,191.656720905083,0.383313441810167,0.275690408511449
37,9,1,2.24986183628622,1.23965149578942,-0.0110158762482857,0.958422822230683,1.94412652871128,25.7315843184814,0.0514631686369629,-1.73229625218703
37,10,1,-0.0898672180304617,-0.112257479058002,-0.0924312773127284,1.05751997379161,1.9795666860678,20.5377869022139,0.0410755738044278,-1.95774899839994
38,0,0,0,0,0,0,0,315.424380154343,0.630848760308685,0
38,6,1,0.779686472822862,1.56427260146213,0.189565477419858,1.09358412050096,2.31439954437261,184.575619845657,0.369151239691315,-0.535859727527711
39,0,0,0,0,0,0,0,305.78105051831,0.61156210103662,0
39,6,1,0.779686472822862,1.56427260146213,0.0652536452171517,1.06334098147881,2.12310185823056,194.21894948169,0.38843789896338,-0.453883196420375
40,0,0,0,0,0,0,0,218.777616208083,0.437555232416167,0
40,1,1,0.974858104856971,-0.0323805261978922,0.101775422653797,1.03716753222579,2.15742612134252,189.50563843847,0.379011276876939,-0.143636984419549
40,2,1,1.47664941025843,1.8876724213706,-0.0251164588087978,1.72355204928242,2.69527983435158,35.3206812904605,0.0706413625809211,-1.82358709815798
40,6,1,0.779686472822862,1.56427260146213,-0.071037114584988,1.17908049326544,2.11491230254876,56.3960640629866,0.112792128125973,-1.3556563928405
41,0,0,0,0,0,0,0,123.002734876647,0.246005469753293,0
41,1,1,0.974858104856971,-0.0323805261978922,-0.163728064710472,0.594506448621448,1.43299441413615,58.1603412632023,0.116320682526405,-0.749002889025001
41,2,1,1.47664941025843,1.8876724213706,-0.0779568513201747,1.10128192909916,2.00823515221693,15.864942391994,0.0317298847839881,-2.04809479600425
41,3,1,1.15156270330698,1.64244239019618,-0.0641176933750564,0.757586068750972,1.69162415872403,23.51044301973,0.04702088603946,-1.65476188363555
41,5,1,3.0235623369017,1.83795474321644,-0.203328559561795,0.759377164153679,1.57081771967295,45.5751515167693,0.0911503030335386,-0.99284394477667
41,6,1,0.779686472822862,1.56427260146213,0.0500963559247907,1.58507218130327,2.62362495791851,7.53128779943642,0.0150625755988728,-2.79314054020408
41,7,1,-1.24248116108361,0.149129966730381,-0.153179813996574,2.98836972487233,3.8434878567556,2.11800473490291,0.00423600946980582,-4.06173210716422
41,8,1,-4.429399774355,-3.97870339172675,-0.00249976392782635,1.61930556707221,2.61687051784896,189.673638103051,0.379347276206103,0.433098311143116
41,9,1,2.24986183628622,1.23965149578942,0.0592984721025293,1.4490515487989,2.51276289921816,14.4754637054683,0.0289509274109366,-2.13975153202867
41,10,1,-0.0898672180304617,-0.112257479058002,-0.019819542148464,1.01885381276281,2.00362706703924,20.0879925887987,0.0401759851775975,-1.81208433697624
42,0,0,0,0,0,0,0,314.978459286658,0.629956918573315,0
42,2,1,1.47664941025843,1.8876724213706,-0.00257150709181537,0.960988725862178,1.95765844256095,185.021540713342,0.370043081426685,-0.532031998681951
43,0,0,0,0,0,0,0,133.222278051253,0.266444556102507,0
43,2,1,1.47664941025843,1.8876724213706,-0.0424102260144812,0.247095408524841,1.21563800057682,104.910236607803,0.209820473215606,-0.238913901676513
43,6,1,0.779686472822862,1.56427260146213,-0.060442573385444,1.03217982048371,1.98654728245583,28.195196259043,0.056390392518086,-1.55286737874853
43,8,1,-4.429399774355,-3.97870339172675,-0.155561159254425,1.13145527905559,1.9987259155986,233.672289081901,0.467344578163801,0.561900663010283
44,0,0,0,0,0,0,0,182.199435045718,0.364398870091437,0
44,1,1,0.974858104856971,-0.0323805261978922,0.0509369406673892,1.13796467701552,2.18456495062799,102.465883057449,0.204931766114899,-0.575571989131857
44,2,1,1.47664941025843,1.8876724213706,-0.20978829597843,2.001415007163,2.80172016444676,11.7501550671273,0.0235003101342546,-2.74123544637864
44,3,1,1.15156270330698,1.64244239019618,-0.100436197944933,1.39596400992222,2.30212901646902,22.1594829740469,0.0443189659480937,-2.10683635397323
44,4,1,-0.610776774312712,1.18780264243502,0.0535771722252592,2.11387916423772,3.13222676315423,11.2747115702218,0.0225494231404437,-2.78253958037756
44,6,1,0.779686472822862,1.56427260146213,0.216536850181726,1.33848439011197,2.58387059729198,21.339799678478,0.0426795993569559,-2.14452802539237
44,7,1,-1.24248116108361,0.149129966730381,0.124574667274811,1.28618344468329,2.4281163710716,53.5936067359655,0.107187213471931,-1.22367210043547
44,9,1,2.24986183628622,1.23965149578942,0.00048844495381889,0.664687154934653,1.6796345193055,95.2169258709929,0.190433851741986,-0.64894416532746
45,0,0,0,0,0,0,0,179.756938654154,0.359513877308308,0
45,2,1,1.47664941025843,1.8876724213706,0.0628017152957251,1.60858731029416,2.67256955508417,14.7490624683368,0.0294981249366737,-2.5004260782512
45,3,1,1.15156270330698,1.64244239019618,0.14802139600857,0.875389651690761,2.04541897786804,29.5663494752528,0.0591326989505055,-1.80496872496558
45,4,1,-0.610776774312712,1.18780264243502,0.108342991008328,0.57721463868996,1.67564469976118,43.0620458137016,0.0861240916274032,-1.42896359597188
45,5,1,3.0235623369017,1.83795474321644,-0.0813244256664091,0.464353681949444,1.38558953060696,88.7274631758373,0.177454926351675,-0.70603613748682
45,7,1,-1.24248116108361,0.149129966730381,-0.0109655699488241,0.377187587228629,1.35111357632556,144.138140412718,0.288276280825435,-0.220833449392835
46,0,0,0,0,0,0,0,101.225306894261,0.202450613788521,0
46,1,1,0.974858104856971,-0.0323805261978922,0.0364384592607448,2.38305598361732,3.42146775862747,6.88336852546839,0.0137667370509368,-2.68824065033194
46,2,1,1.47664941025843,1.8876724213706,0.0233499835088518,0.917284449502584,1.92485043360804,19.1527564797388,0.0383055129594776,-1.66490214694786
46,3,1,1.15156270330698,1.64244239019618,0.119395526125905,0.625629919332565,1.75326876973493,25.1749555536577,0.0503499111073154,-1.39149912060881
46,4,1,-0.610776774312712,1.18780264243502,-0.00279099721295774,0.867363758776528,1.87810702984387,13.5729150775912,0.0271458301551824,-2.00927252513658
46,5,1,3.0235623369017,1.83795474321644,-0.0357298854504253,0.744897204370536,1.72316102521915,42.8448117408399,0.0856896234816799,-0.85976423556391
46,6,1,0.779686472822862,1.56427260146213,-0.114681413611837,0.800942825778961,1.68799433515676,20.288365843872,0.040576731687744,-1.60730118309918
46,7,1,-1.24248116108361,0.149129966730381,-0.0517420483593623,1.03045276851295,1.99453009125867,13.1735124644849,0.0263470249289698,-2.03914061158503
46,8,1,-4.429399774355,-3.97870339172675,-0.0362123772578272,1.04197346174564,2.02097592538504,243.986184852581,0.487972369705163,0.879762810516978
46,9,1,2.24986183628622,1.23965149578942,0.235055432578911,1.46111342048092,2.7364386171219,13.6978225675051,0.0273956451350101,-2.0001119101928
47,0,0,0,0,0,0,0,135.026166841138,0.270052333682277,0
47,1,1,0.974858104856971,-0.0323805261978922,-0.0166703279484276,1.47450718672027,2.46800775900112,17.6802989615913,0.0353605979231827,-2.0330176214502
47,2,1,1.47664941025843,1.8876724213706,-0.104366743906189,1.06831840949683,1.97397491081781,20.5365424152483,0.0410730848304966,-1.88326273199219
47,3,1,1.15156270330698,1.64244239019618,-0.197293493407467,0.668023016704006,1.47315999758789,38.257038902133,0.076514077804266,-1.26114102118154
47,4,1,-0.610776774312712,1.18780264243502,0.0514671633438029,1.25191583113903,2.31200207390971,10.5641070869607,0.0211282141739213,-2.54800645675459
47,6,1,0.779686472822862,1.56427260146213,0.228465932554436,0.817252622413843,2.06344267183679,20.9906731960366,0.0419813463920733,-1.86139038256415
47,7,1,-1.24248116108361,0.149129966730381,-0.0885617572657959,0.823621549849879,1.73749458546749,26.0025046007392,0.0520050092014784,-1.64727572392937
47,8,1,-4.429399774355,-3.97870339172675,0.0111106429745722,1.72908760584099,2.73023677327678,195.848973025832,0.391697946051664,0.371875228311952
47,9,1,2.24986183628622,1.23965149578942,0.381027668071067,1.95470643595755,3.43641175848894,10.8605373620682,0.0217210747241363,-2.52033279397392
47,10,1,-0.0898672180304617,-0.112257479058002,-0.110890999794325,1.05887049933364,1.9523701345118,24.2331576082524,0.0484663152165049,-1.71774674364278
48,0,0,0,0,0,0,0,87.0909116485591,0.174181823297118,0
48,1,1,0.974858104856971,-0.0323805261978922,0.0307566624421454,0.821903481318413,1.8394731054275,26.1914852513654,0.0523829705027308,-1.20151816699975
48,2,1,1.47664941025843,1.8876724213706,-0.110689447222516,2.2845725102157,3.18105740065406,4.48126403468852,0.00896252806937705,-2.96704737731006
48,3,1,1.15156270330698,1.64244239019618,0.034765364882196,0.536950802359941,1.55904254379344,29.7451341942446,0.0594902683884893,-1.07428697242124
48,4,1,-0.610776774312712,1.18780264243502,-0.0873264535062044,0.633837329596741,1.53808559588055,18.5965815950314,0.0371931631900628,-1.54397475592486
48,5,1,3.0235623369017,1.83795474321644,0.00773031227369236,1.52962366712096,2.51935225877579,15.3420242395992,0.0306840484791985,-1.73635678905381
48,6,1,0.779686472822862,1.56427260146213,-0.0296868642156621,0.629608867556185,1.5937985178685,23.7953555853378,0.0475907111706756,-1.29746211637882
48,7,1,-1.24248116108361,0.149129966730381,-0.118324224043267,1.56328692401859,2.44749947358889,5.98209859616949,0.011964197192339,-2.67818109232681
48,8,1,-4.429399774355,-3.97870339172675,0.00112926884238996,0.624686803712132,1.63615551041242,258.238047981315,0.51647609596263,1.08692929158061
48,9,1,2.24986183628622,1.23965149578942,0.0991601036059367,1.30927827077461,2.4069444030888,14.8045990151065,0.029609198030213,-1.77201465777705
48,10,1,-0.0898672180304617,-0.112257479058002,0.159396745390374,0.913029398465702,2.09951449881202,15.7324978585828,0.0314649957171655,-1.71122403423537
49,0,0,0,0,0,0,0,216.562383010658,0.433124766021316,0
49,1,1,0.974858104856971,-0.0323805261978922,-0.137271127092917,1.56186996276677,2.42205874818416,81.4339868745972,0.162867973749194,-0.978085934134151
49,2,1,1.47664941025843,1.8876724213706,-0.0249610933042319,1.94372085499355,2.91008104195079,13.9081102653672,0.0278162205307345,-2.74540650686212
49,3,1,1.15156270330698,1.64244239019618,0.115942452685555,0.949582312044772,2.06051231100114,42.0759126116,0.0841518252232,-1.63840321921664
49,4,1,-0.610776774312712,1.18780264243502,-0.11142223478436,1.36006474517506,2.24173830969411,27.6378844422043,0.0552757688844087,-2.05869119292104
49,6,1,0.779686472822862,1.56427260146213,-0.0935902558513312,0.876908547515078,1.78651422145904,48.7005099094738,0.0974010198189475,-1.49218914871942
49,9,1,2.24986183628622,1.23965149578942,-0.0403736793498034,0.993027370119437,1.96298773822203,69.6812128860993,0.139362425772199,-1.13394791026387
50,0,0,0,0,0,0,0,308.438163793355,0.61687632758671,0
50,6,1,0.779686472822862,1.56427260146213,0.0290666645439266,1.19679823198321,2.21944976884544,191.561836206645,0.38312367241329,-0.476310720770117
51,0,0,0,0,0,0,0,160.255611264144,0.320511222528287,0
51,1,1,0.974858104856971,-0.0323805261978922,-0.0144226556618951,1.04692994640567,2.02343190594912,60.967958530396,0.121935917060792,-0.966421654699436
51,2,1,1.47664941025843,1.8876724213706,0.118021366550265,0.887499752001408,2.02747654996062,50.4590686628012,0.100918137325602,-1.15560762477417
51,4,1,-0.610776774312712,1.18780264243502,0.0143247630887551,2.61998948308381,3.64006605284705,6.00491047223153,0.0120098209444631,-3.28419256432651
51,6,1,0.779686472822862,1.56427260146213,0.116922865278909,1.72637750987,2.84270203063595,16.7024046342871,0.0334048092685743,-2.26121741174242
51,8,1,-4.429399774355,-3.97870339172675,-0.0451773752768677,1.75811906672607,2.71555553963739,205.61004643614,0.411220092872281,0.249211285499586
52,0,0,0,0,0,0,0,105.252007981646,0.210504015963293,0
52,1,1,0.974858104856971,-0.0323805261978922,0.0303360960757848,0.893660349437414,1.91571176783234,22.4137116888632,0.0448274233777265,-1.54668465003734
52,2,1,1.47664941025843,1.8876724213706,0.128173742118351,2.30224021504468,3.42434589768969,5.31907697549773,0.0106381539509955,-2.98505776313667
52,3,1,1.15156270330698,1.64244239019618,0.0602222795170429,1.0208231035684,2.05621051791598,16.2429149085038,0.0324858298170076,-1.8687007425238
52,7,1,-1.24248116108361,0.149129966730381,0.0513481114599557,0.864120798004449,1.91149268615237,13.3361379573212,0.0266722759146424,-2.06588006046579
52,8,1,-4.429399774355,-3.97870339172675,0.001860740032874,0.491669035132342,1.50004427261137,265.366470321294,0.530732940642588,0.924754226933056
52,9,1,2.24986183628622,1.23965149578942,0.131844897225668,0.343297104590573,1.4897836468495,56.6153534606242,0.113230706921248,-0.620077339611621
52,10,1,-0.0898672180304617,-0.112257479058002,-0.0065831999838153,0.988812992746705,1.97033267217359,15.4543267062496,0.0309086534124991,-1.9184685407407
53,0,0,0,0,0,0,0,155.573842691547,0.311147685383095,0
53,5,1,3.0235623369017,1.83795474321644,0.0496960952423719,0.843386848866357,1.90127037689145,69.7065985747736,0.139413197149547,-0.802825507144831
53,8,1,-4.429399774355,-3.97870339172675,-0.0394994603313877,1.17036082942198,2.1368466210583,247.588850230818,0.495177700461635,0.464649016901116
53,9,1,2.24986183628622,1.23965149578942,0.154983034223631,1.49299810880931,2.65092523150961,27.1307085028614,0.0542614170057228,-1.74645425008026
54,0,0,0,0,0,0,0,149.361459601334,0.298722919202667,0
54,7,1,-1.24248116108361,0.149129966730381,0.0701239300429707,0.918717103483551,1.99327874699512,79.529106603876,0.159058213207752,-0.630246196098834
54,8,1,-4.429399774355,-3.97870339172675,-0.0587482025589799,1.39435854706976,2.32736233972059,271.10943379479,0.542218867589581,0.59615328255267
55,0,0,0,0,0,0,0,235.703552294305,0.471407104588609,0
55,6,1,0.779686472822862,1.56427260146213,0.0849250385880362,0.340754202533901,1.42511731421806,264.296447705695,0.528592895411391,0.114496500051444
56,0,0,0,0,0,0,0,98.971109079938,0.197942218159876,0
56,2,1,1.47664941025843,1.8876724213706,0.202484204541817,1.26455088600084,2.47907378721119,12.60443427486,0.0252088685497201,-2.0607793014473
56,3,1,1.15156270330698,1.64244239019618,-0.196235319122504,0.881127850455339,1.70779115367606,18.5710369060085,0.037142073812017,-1.67322476856788
56,4,1,-0.610776774312712,1.18780264243502,-0.116492093063759,1.20267934780954,2.087992964668,8.81158664608068,0.0176231732921614,-2.41876046030015
56,5,1,3.0235623369017,1.83795474321644,-0.137651921373083,0.50999538862042,1.39430281640568,57.6691881896396,0.115338376379279,-0.540104949363669
56,6,1,0.779686472822862,1.56427260146213,0.0167679934469767,1.79672886215814,2.81492080985601,6.46206675312828,0.0129241335062566,-2.72887878261692
56,7,1,-1.24248116108361,0.149129966730381,0.158462907915972,0.385055356288267,1.5670921660716,26.2587332279663,0.0525174664559326,-1.32682935196345
56,8,1,-4.429399774355,-3.97870339172675,0.167788895297625,0.605200539690936,1.78225400209603,248.202487799512,0.496404975599023,0.919416916017265
56,9,1,2.24986183628622,1.23965149578942,0.0488296698394955,1.40262258163346,2.42937451636593,15.2333512882695,0.0304667025765389,-1.87134079217692
56,10,1,-0.0898672180304617,-0.112257479058002,0.0878673262560324,1.77919474609134,2.87120854535314,7.21600583459739,0.0144320116691948,-2.61852638874536
57,0,0,0,0,0,0,0,129.957164141571,0.259914328283142,0
57,1,1,0.974858104856971,-0.0323805261978922,-0.0144874874029881,0.420470919556738,1.41731011384777,192.175509280282,0.384351018560565,0.39120417576466
57,2,1,1.47664941025843,1.8876724213706,0.0468971760074208,1.35074248249067,2.3979667660614,22.3273889542019,0.0446547779084038,-1.76139076048848
57,5,1,3.0235623369017,1.83795474321644,-0.0293294933750864,0.731189579702345,1.70241559177826,61.797257541837,0.123594515083674,-0.743345902419746
57,9,1,2.24986183628622,1.23965149578942,-0.211433514780366,0.475071983793262,1.2722962401763,93.7426800821079,0.187485360164216,-0.326651306875048
58,0,0,0,0,0,0,0,114.90325700655,0.229806514013101,0
58,2,1,1.47664941025843,1.8876724213706,-0.0436106923160574,0.546802779681654,1.5175607684662,33.9867844515613,0.0679735689031225,-1.21811877444366
58,3,1,1.15156270330698,1.64244239019618,0.0904705031282809,0.26899095020646,1.37608297615039,45.7460463707609,0.0914920927415218,-0.920985161036306
58,4,1,-0.610776774312712,1.18780264243502,-0.0763086264548317,1.00876986497823,1.93519483389092,11.7970122444366,0.0235940244888732,-2.27624423111097
58,5,1,3.0235623369017,1.83795474321644,-0.0341066979637804,1.18779305980526,2.16339236000402,26.7320036819804,0.0534640073639609,-1.4582290435125
58,7,1,-1.24248116108361,0.149129966730381,0.05283077123164,0.646149054952334,1.70131726034703,22.691972291163,0.0453839445823261,-1.6220793125185
58,8,1,-4.429399774355,-3.97870339172675,0.0542191355464308,1.18696560900485,2.243027872567,232.835086085092,0.465670172170185,0.706239887026961
58,10,1,-0.0898672180304617,-0.112257479058002,-0.113673385330273,1.58520958250139,2.45655032892513,11.3078378684551,0.0226156757369102,-2.31859442894326
59,0,0,0,0,0,0,0,85.2022669109538,0.170404533821908,0
59,1,1,0.974858104856971,-0.0323805261978922,-0.149662715435579,1.162382991691,2.02482322897158,18.2077285534581,0.0364154571069162,-1.54318189067675
59,2,1,1.47664941025843,1.8876724213706,-0.0223385643556595,1.41438297561131,2.38835779235839,12.381278543057,0.024762557086114,-1.92884250360998
59,3,1,1.15156270330698,1.64244239019618,0.200171922777288,1.17672593787405,2.37719634487977,13.7317047012726,0.0274634094025453,-1.82532066947549
59,4,1,-0.610776774312712,1.18780264243502,0.0221703816213622,1.22632943839437,2.24167798620774,8.6997778222627,0.0173995556445254,-2.2817305527539
59,6,1,0.779686472822862,1.56427260146213,0.033262360885001,0.318677149179473,1.34777236112922,44.426509492716,0.088853018985432,-0.651191688502246
59,7,1,-1.24248116108361,0.149129966730381,-0.0385207999091431,1.29552903218778,2.2672555910638,8.23157877239203,0.0164631575447841,-2.33705021272934
59,8,1,-4.429399774355,-3.97870339172675,-0.139875402655789,0.509860495384988,1.38532283160279,283.246946770967,0.566493893541935,1.20129108015979
59,9,1,2.24986183628622,1.23965149578942,0.267574079585182,1.19911037709337,2.49146783312788,19.6147016126339,0.0392294032252678,-1.4687486730748
59,10,1,-0.0898672180304617,-0.112257479058002,-0.0423686088681983,1.92972263919752,2.8934443178113,6.25750682028652,0.012515013640573,-2.61124620615627
60,0,0,0,0,0,0,0,144.37686941397,0.288753738827939,0
60,6,1,0.779686472822862,1.56427260146213,-0.178693810009257,1.07721726105233,1.92122528588219,68.8881457642767,0.137776291528553,-0.739942916162119
60,8,1,-4.429399774355,-3.97870339172675,0.176358634774588,0.768098119958836,1.96248024960773,286.734984821754,0.573469969643508,0.686131361817504
61,0,0,0,0,0,0,0,212.258174314813,0.424516348629626,0
61,2,1,1.47664941025843,1.8876724213706,-0.0246470316934021,0.845584289117856,1.82499438723323,64.4683383159709,0.128936676631942,-1.1916291126636
61,3,1,1.15156270330698,1.64244239019618,-0.0319786165927205,0.367695086556998,1.33107412292235,131.018803507865,0.262037607015731,-0.482462485994211
61,5,1,3.0235623369017,1.83795474321644,-0.122788258998268,0.886491760504879,1.77053013376252,92.2546838613506,0.184509367722701,-0.833250281926238
62,0,0,0,0,0,0,0,152.054371781129,0.304108743562258,0
62,1,1,0.974858104856971,-0.0323805261978922,0.0715932088907665,1.67634145334995,2.76275142080568,17.3485658184412,0.0346971316368825,-2.17072832475512
62,3,1,1.15156270330698,1.64244239019618,-0.0973902306404292,1.12036574876009,2.02220134937434,23.0347359856433,0.0460694719712867,-1.88723482909156
62,4,1,-0.610776774312712,1.18780264243502,0.0559217730468333,0.576315586558801,1.63250919950994,35.472539113415,0.07094507822683,-1.45547931493079
62,5,1,3.0235623369017,1.83795474321644,-0.243263974540567,1.61226284220656,2.39255185611867,22.9859007295584,0.0459718014591168,-1.88935714976772
62,7,1,-1.24248116108361,0.149129966730381,0.0713033194850233,1.05179986792176,2.13309908018351,19.3568855104122,0.0387137710208244,-2.06118996945899
62,8,1,-4.429399774355,-3.97870339172675,-0.0659037386489128,1.4536210323564,2.38305429392379,212.159007514036,0.424318015028072,0.333097863009551
62,9,1,2.24986183628622,1.23965149578942,-0.00364026225664853,1.64786489575717,2.64724573572165,17.5879935473651,0.0351759870947303,-2.15702168152864
63,0,0,0,0,0,0,0,245.002486259872,0.490004972519743,0
63,3,1,1.15156270330698,1.64244239019618,-0.0323650631690314,3.04889589722969,4.0250652950306,23.2795755608955,0.0465591511217909,-2.35369196771598
63,4,1,-0.610776774312712,1.18780264243502,-0.0255248112503172,1.25654802660064,2.2428665976403,86.2670422037231,0.172534084407446,-1.04382073133192
63,6,1,0.779686472822862,1.56427260146213,-0.0823491629018878,0.782531303253708,1.70314922450001,145.45089597551,0.29090179195102,-0.521429813546344
64,0,0,0,0,0,0,0,191.33148037312,0.38266296074624,0
64,1,1,0.974858104856971,-0.0323805261978922,0.000241580894347513,0.773616177495602,1.78770934815389,156.782727045488,0.313565454090976,-0.199146480443847
64,2,1,1.47664941025843,1.8876724213706,0.0509665571261936,0.66612625058518,1.72778481425754,49.9806873146727,0.0999613746293454,-1.34237074603709
64,4,1,-0.610776774312712,1.18780264243502,0.0704832976877566,1.32903465216618,2.38467199956793,24.4222258727023,0.0488444517454047,-2.05851380903652
64,5,1,3.0235623369017,1.83795474321644,0.0330976349994212,1.18162623313157,2.21424071742584,42.8847927095439,0.0857695854190878,-1.49549014234826
64,6,1,0.779686472822862,1.56427260146213,0.0976327472976372,0.899729353078487,2.01481269450481,34.598086684473,0.0691961733689461,-1.71020904074545
65,0,0,0,0,0,0,0,178.339095126943,0.356678190253886,0
65,3,1,1.15156270330698,1.64244239019618,0.00712806522505788,1.48491121466858,2.48019712374378,27.7345070608867,0.0554690141217734,-1.86100938665854
65,4,1,-0.610776774312712,1.18780264243502,0.218975235927918,1.42950599016328,2.67212268253621,26.959455624156,0.0539189112483121,-1.88935267297111
65,7,1,-1.24248116108361,0.149129966730381,-0.0527368361608178,0.563899976132369,1.50729930939692,160.607858194195,0.321215716388391,-0.104721036288022
65,9,1,2.24986183628622,1.23965149578942,0.0572967370493168,0.693138019816599,1.74611411561865,106.359083993819,0.212718167987637,-0.516865812809648
66,0,0,0,0,0,0,0,137.641938158285,0.27528387631657,0
66,1,1,0.974858104856971,-0.0323805261978922,-0.10551850185265,0.41661344412619,1.32186651723337,92.6485402754546,0.185297080550909,-0.395842464838949
66,3,1,1.15156270330698,1.64244239019618,0.0210907264251298,1.82853628127973,2.86754834629212,9.92672466109736,0.0198534493221947,-2.62942508133218
66,4,1,-0.610776774312712,1.18780264243502,-0.099892072706101,1.63039882575199,2.52729180209009,8.86921099502631,0.0177384219900526,-2.74206982190707
66,5,1,3.0235623369017,1.83795474321644,0.107785032320562,0.959833092109895,2.08004781057492,46.2274360649009,0.0924548721298017,-1.09108218614468
66,7,1,-1.24248116108361,0.149129966730381,0.0216637035184711,1.27557641720901,2.29256251743191,14.0104782813502,0.0280209565627003,-2.28485016385427
66,8,1,-4.429399774355,-3.97870339172675,0.0143087029788927,1.61514434662787,2.63475695606902,190.675671563886,0.381351343127772,0.325918267889006
67,0,0,0,0,0,0,0,217.568156611308,0.435136313222616,0
67,10,1,-0.0898672180304617,-0.112257479058002,0.0145106631047872,0.724431764804453,1.73599138304861,282.431843388692,0.564863686777384,0.260925093966409
68,0,0,0,0,0,0,0,254.531419475863,0.509062838951726,0
68,2,1,1.47664941025843,1.8876724213706,0.0580318685451573,0.386379427759396,1.45474484498309,245.468580524137,0.490937161048274,-0.0362553265988946
69,0,0,0,0,0,0,0,180.535526882869,0.361071053765739,0
69,3,1,1.15156270330698,1.64244239019618,0.136092446408098,0.467978083243538,1.60856741190883,67.6530399889143,0.135306079977829,-0.981535292621375
69,9,1,2.24986183628622,1.23965149578942,-0.0327812680140072,0.67733907749392,1.65167701600103,86.7104671988283,0.173420934397657,-0.733352977805077
69,10,1,-0.0898672180304617,-0.112257479058002,-0.241245027627225,0.702261431783291,1.48882565596916,165.100965929388,0.330201931858776,-0.0893703817606406
70,0,0,0,0,0,0,0,122.321478805277,0.244642957610553,0
70,2,1,1.47664941025843,1.8876724213706,0.165987870464572,2.58555003922044,3.78810713574351,14.9632571888979,0.0299265143777957,-2.10105497581396
70,4,1,-0.610776774312712,1.18780264243502,0.109588868268958,0.827804809370875,1.95439577000509,37.7051510231046,0.0754103020462091,-1.17685593415865
70,8,1,-4.429399774355,-3.97870339172675,-0.00783872853310662,1.12040891734822,2.11247170766014,231.583454014436,0.463166908028871,0.638287649875527
70,10,1,-0.0898672180304617,-0.112257479058002,0.00706598247385691,0.43396551792603,1.41338606094895,93.4266589682852,0.18685331793657,-0.269475918757951
71,0,0,0,0,0,0,0,118.699480301007,0.237398960602014,0
71,1,1,0.974858104856971,-0.0323805261978922,-0.15185995288232,2.10717997462375,2.96493223968842,8.66189509120327,0.0173237901824065,-2.61766139201357
71,2,1,1.47664941025843,1.8876724213706,0.0863779032791318,1.41304043060161,2.51236315295781,12.2762460803452,0.0245524921606905,-2.26892874114782
71,3,1,1.15156270330698,1.64244239019618,0.0501568385364368,0.97971972969033,2.05442037537774,19.2307344291947,0.0384614688583894,-1.82008517263279
71,4,1,-0.610776774312712,1.18780264243502,-0.0354781329646987,1.82608152206763,2.78022705530814,5.44158765669047,0.0108831753133809,-3.08252405640533
71,5,1,3.0235623369017,1.83795474321644,-0.048842888759119,1.91411903297716,2.86865458693539,13.6722140110246,0.0273444280220493,-2.16122932442452
71,6,1,0.779686472822862,1.56427260146213,0.0936293947292698,0.79365334173697,1.89205477276831,23.0891515448751,0.0461783030897501,-1.63723204622498
71,7,1,-1.24248116108361,0.149129966730381,-0.106240838642214,0.541784545603,1.45347975703971,37.6217830857781,0.0752435661715562,-1.14901170331754
71,8,1,-4.429399774355,-3.97870339172675,-0.0983820871704388,1.61871621799049,2.52278971967635,210.072757840544,0.420145515681088,0.570859013269382
71,9,1,2.24986183628622,1.23965149578942,0.0424247877020078,1.41425885144977,2.45754295977108,17.6029750368922,0.0352059500737844,-1.90852699940383
71,10,1,-0.0898672180304617,-0.112257479058002,-0.0451313480552634,0.778258472618332,1.72496950128646,33.6311749224452,0.0672623498448904,-1.26114146147168
72,0,0,0,0,0,0,0,307.220632721349,0.614441265442698,0
72,9,1,2.24986183628622,1.23965149578942,-0.0967062667858309,1.32153059941142,2.22903137908677,192.779367278651,0.385558734557302,-0.466019802564371
73,0,0,0,0,0,0,0,150.741964509533,0.301483929019067,0
73,1,1,0.974858104856971,-0.0323805261978922,0.103366538931573,0.644979026738125,1.7618308845185,118.412662245222,0.236825324490445,-0.241393869396832
73,2,1,1.47664941025843,1.8876724213706,-0.0811776459663054,1.83697782594787,2.77076839128189,12.8431919083563,0.0256863838167125,-2.4627556724056
73,3,1,1.15156270330698,1.64244239019618,0.180172547861817,0.838932602797864,2.03209192836196,32.8798737651314,0.0657597475302628,-1.52270879984665
73,4,1,-0.610776774312712,1.18780264243502,0.177154196037941,0.863124306161547,2.0447615439665,27.5194107633558,0.0550388215267115,-1.70067792914662
73,5,1,3.0235623369017,1.83795474321644,-0.145469136980239,1.13492765036462,2.00309396909518,45.4517342707999,0.0909034685415998,-1.1989185530984
73,7,1,-1.24248116108361,0.149129966730381,-0.125047965932418,0.37236080788107,1.25161675785077,112.151162537601,0.224302325075202,-0.295721903937693
74,0,0,0,0,0,0,0,230.806120237263,0.461612240474527,0
74,3,1,1.15156270330698,1.64244239019618,0.0817123601225002,0.294763152324922,1.39435430605825,189.189572714533,0.378379145429066,-0.198828509178278
74,9,1,2.24986183628622,1.23965149578942,0.0175741654501771,1.62993694830839,2.66083722341413,80.0043070482038,0.160008614096408,-1.05949758044763
75,0,0,0,0,0,0,0,235.039100361997,0.470078200723994,0
75,2,1,1.47664941025843,1.8876724213706,0.128223303234921,1.3867812928237,2.52703134486251,70.7617228598162,0.141523445719632,-1.20043366789366
75,7,1,-1.24248116108361,0.149129966730381,0.0928851761720271,0.758648377510449,1.85988008613046,194.199176778187,0.388398353556374,-0.190867568015947
76,0,0,0,0,0,0,0,149.058552812658,0.298117105625316,0
76,1,1,0.974858104856971,-0.0323805261978922,0.108715025123701,0.924407948883343,2.04187444629901,69.4591235857719,0.138918247171544,-0.763600770951487
76,4,1,-0.610776774312712,1.18780264243502,0.112358542318002,0.711826054873865,1.8132757654389,26.5846795704482,0.0531693591408965,-1.72400410678616
76,5,1,3.0235623369017,1.83795474321644,-0.0759845657357593,0.53722041779309,1.46607625202725,60.3758801401398,0.12075176028028,-0.903749510892263
76,6,1,0.779686472822862,1.56427260146213,0.114895910322903,0.464167700649738,1.58308615910607,35.8672866234746,0.0717345732469492,-1.42451355669795
76,7,1,-1.24248116108361,0.149129966730381,-0.084247625893675,0.769303278734387,1.6982363507842,54.7194548370462,0.109438909674093,-1.00211989015787
76,9,1,2.24986183628622,1.23965149578942,0.0891377242318638,0.456542453446237,1.54968780195342,60.1270937915817,0.120254187583163,-0.907878648853262
76,10,1,-0.0898672180304617,-0.112257479058002,-0.133525871255432,1.26355078013978,2.14231306639453,43.8079286388797,0.0876158572777594,-1.22452438049634
77,0,0,0,0,0,0,0,116.061054977218,0.232122109954437,0
77,1,1,0.974858104856971,-0.0323805261978922,0.0398123477834933,0.716115056145393,1.76778122356229,37.6455860569946,0.0752911721139892,-1.12590067747946
77,2,1,1.47664941025843,1.8876724213706,-0.0111586802948826,1.16829004501979,2.17235662296223,11.2345061029532,0.0224690122059064,-2.33512644455347
77,3,1,1.15156270330698,1.64244239019618,0.0675743916642286,1.07387704048062,2.15669868956196,11.8315879835759,0.0236631759671518,-2.28334348606145
77,4,1,-0.610776774312712,1.18780264243502,-0.0788597935379218,0.829429337064045,1.73476560620124,14.1354824305828,0.0282709648611657,-2.10542826787296
77,5,1,3.0235623369017,1.83795474321644,-0.00869863340574937,0.378150434366867,1.35808948095724,61.6781263183553,0.123356252636711,-0.632187037315557
77,6,1,0.779686472822862,1.56427260146213,0.138228400775579,0.449850192573546,1.5946016527041,25.4369523708019,0.0508739047416038,-1.51791345410015
77,7,1,-1.24248116108361,0.149129966730381,0.0168490163808026,0.280739262886199,1.31722955837277,45.3695206412933,0.0907390412825865,-0.939275860574057
77,8,1,-4.429399774355,-3.97870339172675,0.0823190948275118,1.97589927684612,3.06324269850216,146.707556448944,0.293415112897888,0.234324804707799
77,9,1,2.24986183628622,1.23965149578942,-0.0220894597616442,0.834992111337495,1.81404831678306,25.5140853203408,0.0510281706406816,-1.51488572348038
77,10,1,-0.0898672180304617,-0.112257479058002,-0.102939165471471,2.63319688971987,3.53627057876847,4.38554134893947,0.00877108269787893,-3.27580331572818
78,0,0,0,0,0,0,0,151.455502068693,0.302911004137386,0
78,3,1,1.15156270330698,1.64244239019618,-0.259611138844997,1.71268072429984,2.49183887140933,10.2397420751575,0.020479484150315,-2.69401543476707
78,4,1,-0.610776774312712,1.18780264243502,0.116912259199149,0.684720741364408,1.78250513671115,29.7343579174467,0.0594687158348934,-1.62798865665721
78,5,1,3.0235623369017,1.83795474321644,-0.108690881697743,1.42909699419228,2.30742823999929,28.0629754477401,0.0561259508954802,-1.68584075827092
78,6,1,0.779686472822862,1.56427260146213,-0.182608301264641,1.33735303665771,2.1697442869166,14.9937849650323,0.0299875699300645,-2.31265608651136
78,7,1,-1.24248116108361,0.149129966730381,0.0995281807292567,0.929264420763287,2.04230048546897,26.0752846661458,0.0521505693322916,-1.7593039480551
78,8,1,-4.429399774355,-3.97870339172675,-0.00118617814307389,2.12440314232884,3.10755337603865,184.008189798684,0.368016379597368,0.194688400305597
78,9,1,2.24986183628622,1.23965149578942,-0.0599628394751609,0.8695614093584,1.81804538902605,49.8450527509911,0.0996901055019823,-1.11137261731365
78,10,1,-0.0898672180304617,-0.112257479058002,-0.0177947986602105,2.7562453321191,3.72838608706729,5.58511031010949,0.011170220620219,-3.30018768262353
79,0,0,0,0,0,0,0,163.018649992598,0.326037299985196,0
79,1,1,0.974858104856971,-0.0323805261978922,-0.0425981341802302,0.549981796863787,1.51076477872891,152.357250430921,0.304714500861843,-0.0676365164750394
79,3,1,1.15156270330698,1.64244239019618,0.0727660708501531,0.769508133132908,1.83241825042828,40.2412859284869,0.0804825718569738,-1.39897112963991
79,4,1,-0.610776774312712,1.18780264243502,-0.172663059586351,1.19378001335072,2.05000956415957,20.0791590985666,0.0401583181971333,-2.09418219500891
79,7,1,-1.24248116108361,0.149129966730381,0.0668260975976705,0.956916931550133,2.03373015382741,50.1661595454683,0.100332319090937,-1.17852392465261
79,9,1,2.24986183628622,1.23965149578942,-0.0235357425015276,1.01584383555991,1.99130928500811,44.7619766474475,0.0895239532948951,-1.29250556790117
79,10,1,-0.0898672180304617,-0.112257479058002,0.197963332091796,1.97282256429732,3.18508700664271,29.3755183565111,0.0587510367130222,-1.71370299290639
80,0,0,0,0,0,0,0,156.416909317536,0.312833818635072,0
80,1,1,0.974858104856971,-0.0323805261978922,0.0796794538639531,1.05838845157589,2.12753621769831,28.5744068207465,0.0571488136414931,-1.70001348732176
80,2,1,1.47664941025843,1.8876724213706,-0.170927618064586,1.09106389772526,1.91584873178652,21.4067378899462,0.0428134757798924,-1.98881921096628
80,3,1,1.15156270330698,1.64244239019618,-0.166366871188344,0.973614151346124,1.82035445463377,22.7339314395691,0.0454678628791382,-1.92866635261446
80,4,1,-0.610776774312712,1.18780264243502,0.049110955231555,0.808658144274396,1.87533809121915,17.5603981314271,0.0351207962628542,-2.18687867752566
80,5,1,3.0235623369017,1.83795474321644,-0.0174055485572285,1.10955138508554,2.09612275688079,33.0680320761523,0.0661360641523046,-1.55395792071236
80,6,1,0.779686472822862,1.56427260146213,0.0961290563877483,1.64289751259281,2.74033815147518,7.86788832093295,0.0157357766418659,-2.98973523176786
80,7,1,-1.24248116108361,0.149129966730381,0.0293826661677307,1.50219736207284,2.54019239508756,8.08165185753009,0.0161633037150602,-2.96292864865657
80,8,1,-4.429399774355,-3.97870339172675,0.00809993635091707,1.64543171730604,2.6554675339585,179.569767593938,0.359139535187876,0.138038871708256
80,9,1,2.24986183628622,1.23965149578942,0.0183661842799281,2.37826715284611,3.4027721881829,7.04619090406783,0.0140923818081357,-3.10003776459248
80,10,1,-0.0898672180304617,-0.112257479058002,0.016625503539133,1.19544800799829,2.21746225032189,17.6740856481535,0.0353481712963071,-2.18042545902692
81,0,0,0,0,0,0,0,233.481390039607,0.466962780079213,0
81,5,1,3.0235623369017,1.83795474321644,-0.0544319352621665,0.639897186371134,1.59287099639601,126.43942454595,0.2528788490919,-0.613339037753711
81,9,1,2.24986183628622,1.23965149578942,0.0205420795375023,0.743086491435735,1.76875575545568,140.079185414443,0.280158370828887,-0.510894501072856
82,0,0,0,0,0,0,0,220.159584052681,0.440319168105362,0
82,2,1,1.47664941025843,1.8876724213706,0.0302265076168852,0.817386480948927,1.82709860119952,65.8508544486488,0.131701708897298,-1.20696026166065
82,3,1,1.15156270330698,1.64244239019618,-0.104250660223103,1.20328375166088,2.09400454167343,40.0013450894046,0.0800026901788091,-1.70543958466393
82,4,1,-0.610776774312712,1.18780264243502,-0.0983542313495811,0.750026674662778,1.65472408166642,71.4978643269035,0.142995728653807,-1.12468508574754
82,5,1,3.0235623369017,1.83795474321644,0.200571858043419,4.30429948581758,5.51302766025766,8.34031095131741,0.0166806219026348,-3.27325216544136
82,7,1,-1.24248116108361,0.149129966730381,0.305574236888186,1.80262811627289,3.15937631290131,50.2516417981777,0.100503283596355,-1.4773094464416
82,9,1,2.24986183628622,1.23965149578942,-0.045439325911372,1.5929428505115,2.5719014429752,43.8983993328671,0.0877967986657341,-1.61247480769711
83,0,0,0,0,0,0,0,113.475915800987,0.226951831601973,0
83,1,1,0.974858104856971,-0.0323805261978922,0.0933388727865257,1.3586445224284,2.46142907531053,15.3157530991314,0.0306315061982628,-2.00270870578734
83,2,1,1.47664941025843,1.8876724213706,0.0302828275834352,1.35539786798361,2.39121495040696,10.3453812209507,0.0206907624419013,-2.39505045755585
83,3,1,1.15156270330698,1.64244239019618,-0.195615022247248,0.6398984064698,1.46264023189426,25.9501079198367,0.0519002158396735,-1.47541485045495
83,5,1,3.0235623369017,1.83795474321644,0.0450424513742423,0.829148379685906,1.88079829436357,29.9351380452115,0.059870276090423,-1.33255764295346
83,7,1,-1.24248116108361,0.149129966730381,-0.103142072760739,1.44223894153666,2.35324036781722,8.58215971526876,0.0171643194305375,-2.58190502192753
83,8,1,-4.429399774355,-3.97870339172675,-0.237102288136148,1.52235650127383,2.31954255313404,194.595503951723,0.389191007903446,0.539332446615478
83,9,1,2.24986183628622,1.23965149578942,-0.0324576307824521,0.329616289983531,1.29823968781308,59.5353031157741,0.119070606231548,-0.645021152540767
83,10,1,-0.0898672180304617,-0.112257479058002,-0.094429875090974,0.514926096253602,1.41339576288602,42.2647371311171,0.0845294742622341,-0.987637517997807
84,0,0,0,0,0,0,0,89.3683720248897,0.178736744049779,0
84,1,1,0.974858104856971,-0.0323805261978922,-0.0765889998443101,0.613650120806862,1.51566409823726,30.3672690429893,0.0607345380859785,-1.07940148693967
84,2,1,1.47664941025843,1.8876724213706,-0.0953779266719918,0.745620936440696,1.65057393017413,19.1800957035408,0.0383601914070817,-1.53889377990225
84,3,1,1.15156270330698,1.64244239019618,-0.0398004449854522,0.752761821265515,1.69927110608386,17.0355789322226,0.0340711578644452,-1.65746280369893
84,4,1,-0.610776774312712,1.18780264243502,-0.0311217062923606,1.37963707901768,2.34591641564439,5.75753956056521,0.0115150791211304,-2.74225661527713
84,5,1,3.0235623369017,1.83795474321644,0.0796092713239834,0.888115431706012,1.96835484812587,24.6451941465391,0.0492903882930781,-1.2881849212506
84,6,1,0.779686472822862,1.56427260146213,0.098642834387578,0.861320146329999,1.96822781490666,12.3344644597937,0.0246689289195874,-1.98036950637519
84,7,1,-1.24248116108361,0.149129966730381,-0.0794531662417426,1.81263444149689,2.75182767434078,4.34596474001708,0.00869192948003416,-3.02351907050446
84,8,1,-4.429399774355,-3.97870339172675,-0.0308817971515212,0.348376808506761,1.33457036398156,271.370449005055,0.54274089801011,1.11071801882229
84,9,1,2.24986183628622,1.23965149578942,0.0361444766025588,0.964022155262991,2.01039653084408,17.812567798798,0.0356251355975959,-1.61286257483224
84,10,1,-0.0898672180304617,-0.112257479058002,0.139879110483801,1.53987529309501,2.69268508413961,7.78250458558956,0.0155650091711791,-2.44088862655066
85,0,0,0,0,0,0,0,287.190669371613,0.574381338743226,0
85,9,1,2.24986183628622,1.23965149578942,-0.0505296789545481,1.12418470740663,2.07960135674742,212.809330628387,0.425618661256774,-0.299749744941763
86,0,0,0,0,0,0,0,214.407449454147,0.428814898908294,0
86,2,1,1.47664941025843,1.8876724213706,0.0915848206824781,0.442498717461644,1.54255449179565,63.5589576108758,0.127117915221752,-1.21591023272799
86,3,1,1.15156270330698,1.64244239019618,0.0320176726180939,0.823730438175657,1.86043671089131,41.330981418126,0.0826619628362519,-1.64626580003778
86,5,1,3.0235623369017,1.83795474321644,-0.0940611295179737,0.75635067836571,1.68387659582846,66.2045715385446,0.132409143077089,-1.17512865714925
86,6,1,0.779686472822862,1.56427260146213,0.0634702931419534,0.727362411401923,1.81284620064706,45.183559738879,0.090367119477758,-1.5571448760975
86,7,1,-1.24248116108361,0.149129966730381,-0.00624884823283309,4.0176355860767,5.01834999963069,16.2996166161522,0.0325992332323044,-2.57673658712676
86,9,1,2.24986183628622,1.23965149578942,0.110364101842282,1.07386463307923,2.180128167731,53.0148636232754,0.106029727246551,-1.39730585422466
87,0,0,0,0,0,0,0,183.676046821969,0.367352093643938,0
87,1,1,0.974858104856971,-0.0323805261978922,-0.0953816460135553,0.787167872663298,1.69026280396663,205.685944641801,0.411371889283601,0.113176874114681
87,7,1,-1.24248116108361,0.149129966730381,0.139425304101804,0.851810230414488,2.00611877145246,110.638008536231,0.221276017072461,-0.50690990310392
88,0,0,0,0,0,0,0,90.5353694727969,0.181070738945594,0
88,2,1,1.47664941025843,1.8876724213706,0.121468914346638,1.52864820336634,2.64074729511012,8.58108663737873,0.0171621732747575,-2.35618004406447
88,3,1,1.15156270330698,1.64244239019618,-0.208834036550883,0.284928575168489,1.09734858427047,49.7751985285983,0.0995503970571965,-0.598223758795723
88,5,1,3.0235623369017,1.83795474321644,-0.154140256690726,0.751640488870643,1.61551320122043,37.7999083449074,0.0755998166898147,-0.873433919373633
88,6,1,0.779686472822862,1.56427260146213,0.0194321069901269,1.15404078319038,2.17318881351213,10.5205726537807,0.0210411453075614,-2.15240795666026
88,7,1,-1.24248116108361,0.149129966730381,0.0264422549440985,1.77501687148416,2.80279561543702,5.33152535159114,0.0106630507031823,-2.83210321773565
88,8,1,-4.429399774355,-3.97870339172675,-0.111873516870975,1.07227155954185,1.95456895607739,219.723639272145,0.43944727854429,0.8866299743055
88,9,1,2.24986183628622,1.23965149578942,0.0650952956147074,1.0454666119813,2.11860041380232,18.7610556224836,0.0375221112449672,-1.57395738540814
88,10,1,-0.0898672180304617,-0.112257479058002,-0.1032900238582,0.268452937830052,1.15329823111527,58.9716441163181,0.117943288232636,-0.428683877079752
89,0,0,0,0,0,0,0,87.5117892099747,0.175023578419949,0
89,3,1,1.15156270330698,1.64244239019618,0.071527594710452,0.492644991823135,1.58222804724061,66.6965135553722,0.133393027110744,-0.271620837094787
89,6,1,0.779686472822862,1.56427260146213,-0.0462819419956343,0.837774420676856,1.77553241674058,40.0518059982064,0.0801036119964127,-0.781599752030208
89,8,1,-4.429399774355,-3.97870339172675,0.0152686505521528,0.481626415233606,1.49260051068029,305.739891236447,0.611479782472893,1.25096119371805
90,0,0,0,0,0,0,0,150.686672285956,0.301373344571912,0
90,1,1,0.974858104856971,-0.0323805261978922,-0.0199817475668204,0.629634596692087,1.59836407497167,74.9460182982518,0.149892036596504,-0.698434564644274
90,2,1,1.47664941025843,1.8876724213706,0.0689243732977183,0.945741837263778,2.02476902093151,28.5261440808647,0.0570522881617295,-1.66438166005894
90,4,1,-0.610776774312712,1.18780264243502,0.194353631225286,0.92177929362627,2.15170323076211,17.4672569247374,0.0349345138494748,-2.15487456751965
90,6,1,0.779686472822862,1.56427260146213,0.232133393302204,1.00909045698674,2.25854386592742,20.0852775171667,0.0401705550343335,-2.01521557815725
90,8,1,-4.429399774355,-3.97870339172675,-0.113391666127592,2.22430172660563,3.11487385636647,183.262026838467,0.366524053676935,0.195714306373868
90,10,1,-0.0898672180304617,-0.112257479058002,-0.0924556256814186,1.15341595691943,2.07098524519381,25.0266040545557,0.0500532081091114,-1.79526324177732
91,0,0,0,0,0,0,0,162.350441049112,0.324700882098225,0
91,1,1,0.974858104856971,-0.0323805261978922,-0.100706236611934,0.370850987488164,1.27299403417317,183.85801006761,0.36771602013522,0.124406560090906
91,2,1,1.47664941025843,1.8876724213706,-0.0189474330103611,1.01548883668548,1.99844776885355,34.3329812919243,0.0686659625838486,-1.55365076932555
91,6,1,0.779686472822862,1.56427260146213,0.0915341002280603,0.98928708499395,2.0884044891011,29.8453297090503,0.0596906594181005,-1.69372884626183
91,7,1,-1.24248116108361,0.149129966730381,-0.0171852130422256,1.60425691753069,2.60559708493053,28.1862983425185,0.056372596685037,-1.75092122971114
91,10,1,-0.0898672180304617,-0.112257479058002,0.216911586935979,1.08487961157599,2.33867667833165,61.4269395397846,0.122853879079569,-0.971908721553221
92,0,0,0,0,0,0,0,125.212129440509,0.250424258881018,0
92,1,1,0.974858104856971,-0.0323805261978922,0.00583834994596872,1.60256338894979,2.61303933027791,10.7601019505808,0.0215202039011616,-2.45416430483884
92,2,1,1.47664941025843,1.8876724213706,-0.135491444952768,3.56906062214814,4.43667244023529,1.80453604264072,0.00360907208528144,-4.2397058158325
92,3,1,1.15156270330698,1.64244239019618,-0.036755076555405,1.55829997394093,2.534002983942,7.06854395406345,0.0141370879081269,-2.87435482288162
92,5,1,3.0235623369017,1.83795474321644,-0.00416392200716165,0.735007963965762,1.7211893703907,39.4179211157183,0.0788358422314367,-1.1557887709452
92,6,1,0.779686472822862,1.56427260146213,0.0676112005556641,1.19294786416708,2.26625156617574,9.70296857959837,0.0194059371591968,-2.55757745666586
92,7,1,-1.24248116108361,0.149129966730381,0.086643614680554,0.788467521111892,1.89757868865844,16.2222449604585,0.0324444899209171,-2.0436258884454
92,8,1,-4.429399774355,-3.97870339172675,0.0235175024813313,1.23494716144158,2.25290003840209,221.97492715851,0.44394985431702,0.57255510027793
92,9,1,2.24986183628622,1.23965149578942,-0.0933970133276432,0.553341693814384,1.47379925606845,46.2168590016269,0.0924337180032538,-0.996664689510533
92,10,1,-0.0898672180304617,-0.112257479058002,0.0813252167281602,0.825410210193144,1.90816948706369,21.6197677962941,0.0432395355925883,-1.75640126256216
93,0,0,0,0,0,0,0,306.629344475324,0.613258688950648,0
93,6,1,0.779686472822862,1.56427260146213,-0.0116395471522116,0.887505412417358,1.87660425549823,193.370655524676,0.386741311049352,-0.461030829112035
94,0,0,0,0,0,0,0,174.656488566601,0.349312977133202,0
94,4,1,-0.610776774312712,1.18780264243502,-0.223978297582177,1.96687100182529,2.78141378832976,10.7078979712509,0.0214157959425018,-2.79183952505027
94,8,1,-4.429399774355,-3.97870339172675,0.221095203169735,1.56344054765215,2.80623824985537,195.388760107246,0.390777520214493,0.112170093083556
94,9,1,2.24986183628622,1.23965149578942,-0.148876222991277,0.697981649186436,1.54813301896412,96.9092973746284,0.193818594749257,-0.589045659957244
94,10,1,-0.0898672180304617,-0.112257479058002,-0.116075187561923,1.60040185952549,2.47240522555631,22.3375559802735,0.0446751119605469,-2.05655173579556
95,0,0,0,0,0,0,0,98.6021295507087,0.197204259101417,0
95,1,1,0.974858104856971,-0.0323805261978922,0.145773822495573,0.39235870435647,1.54811812974996,46.6357600499302,0.0932715200998604,-0.748725229363241
95,2,1,1.47664941025843,1.8876724213706,-0.218987594871999,1.77446924017122,2.57304011533945,6.59684354756299,0.013193687095126,-2.70450157498778
95,4,1,-0.610776774312712,1.18780264243502,-0.0344008768542759,2.03999872767257,3.00691025765929,3.41872160875495,0.0068374432175099,-3.36182617666799
95,5,1,3.0235623369017,1.83795474321644,0.0455876741511694,0.990376626109245,2.05994687158656,26.6658026246247,0.0533316052492493,-1.30771091534847
95,6,1,0.779686472822862,1.56427260146213,0.0878110262544797,0.726848754834298,1.82569974107285,19.1701534286791,0.0383403068573581,-1.63773829864457
95,8,1,-4.429399774355,-3.97870339172675,-0.070584484574861,0.971296630545286,1.91509029855025,233.800578522337,0.467601157044675,0.863375664214759
95,9,1,2.24986183628622,1.23965149578942,-0.299694930322778,0.731170657499563,1.46994089043046,37.4323158451841,0.0748646316903682,-0.968558467885555
95,10,1,-0.0898672180304617,-0.112257479058002,-0.0961052324044844,0.639345437195463,1.5524681355219,27.6776948222179,0.0553553896444359,-1.27046601151534
96,0,0,0,0,0,0,0,231.691320431045,0.463382640862089,0
96,9,1,2.24986183628622,1.23965149578942,0.0464234580889638,0.473256506184377,1.52150692110586,268.308679568955,0.536617359137911,0.146732136785313
97,0,0,0,0,0,0,0,178.670913413952,0.357341826827904,0
97,1,1,0.974858104856971,-0.0323805261978922,-0.0815460651610283,0.888357687956133,1.81667476489227,140.347288587652,0.280694577175303,-0.241425657540597
97,2,1,1.47664941025843,1.8876724213706,-0.00401504517354262,2.71711651876048,3.70710580054227,10.2152274045395,0.0204304548090789,-2.86166615138164
97,6,1,0.779686472822862,1.56427260146213,-0.0669113467963509,1.52612784343482,2.45028379993128,25.3068853744711,0.0506137707489422,-1.95446913333197
97,9,1,2.24986183628622,1.23965149578942,0.0121058163102937,1.58686972864787,2.60686203084406,36.8538276466286,0.0737076552932572,-1.57858615697946
97,10,1,-0.0898672180304617,-0.112257479058002,-0.0313292885379532,0.995980280432696,1.96332838281035,108.605857572757,0.217211715145515,-0.497820298048826
98,0,0,0,0,0,0,0,134.817422927958,0.269634845855916,0
98,1,1,0.974858104856971,-0.0323805261978922,-0.088067073001145,1.67680822248151,2.59040983912103,12.2237961042849,0.0244475922085699,-2.40053688799898
98,2,1,1.47664941025843,1.8876724213706,-0.0419286891272189,0.670612710730974,1.6453114581042,31.0754292118954,0.0621508584237907,-1.46750399090356
98,3,1,1.15156270330698,1.64244239019618,-0.14827516780218,1.65221450196893,2.49594522636898,8.55987556797643,0.0171197511359529,-2.75683578673688
98,4,1,-0.610776774312712,1.18780264243502,-0.0697318199400121,0.855570588124043,1.77821665242585,16.2641545803355,0.0325283091606709,-2.11495785960506
98,6,1,0.779686472822862,1.56427260146213,0.111193184503695,0.382461437368484,1.50440137235158,38.7418649686796,0.0774837299373592,-1.24700064286601
98,7,1,-1.24248116108361,0.149129966730381,-0.0870777633605343,2.24757166193384,3.17613768671433,4.12548285457927,0.00825096570915854,-3.48673837174177
98,8,1,-4.429399774355,-3.97870339172675,0.0210731585072843,1.29645673176613,2.30957966643634,213.230105454788,0.426460210909576,0.458450449563371
98,9,1,2.24986183628622,1.23965149578942,0.00693956473744585,0.972461331808056,1.96341579908351,28.7021355050522,0.0574042710101045,-1.54694991249453
98,10,1,-0.0898672180304617,-0.112257479058002,-0.166264885284192,1.41652799707455,2.27128985671397,12.259732824451,0.024519465648902,-2.39760130252205
99,0,0,0,0,0,0,0,98.6830767943596,0.197366153588719,0
99,1,1,0.974858104856971,-0.0323805261978922,0.081083998017723,1.02711904489585,2.13134532482517,19.2010546453532,0.0384021092907064,-1.63694826371761
99,2,1,1.47664941025843,1.8876724213706,-0.191234579604708,0.519368437621936,1.34484070103333,32.8399187913666,0.0656798375827331,-1.10026865896438
99,3,1,1.15156270330698,1.64244239019618,-0.124675342879504,0.345925090417088,1.24551504122733,38.797432027541,0.077594864055082,-0.933559411106531
99,4,1,-0.610776774312712,1.18780264243502,0.0998154445057314,0.901189884916069,2.02373583893647,10.6186554214792,0.0212373108429583,-2.22930107103692
99,6,1,0.779686472822862,1.56427260146213,-0.0216375790780247,0.589124433790835,1.57193544257135,21.8957584903302,0.0437915169806603,-1.5056205288641
99,7,1,-1.24248116108361,0.149129966730381,-0.162193729284198,1.23196665350308,2.0715494473054,8.39996065329235,0.0167999213065847,-2.46368644898182
99,8,1,-4.429399774355,-3.97870339172675,-0.145096396539936,0.854083967772847,1.73858281097835,263.315593322271,0.526631186644542,0.98143981670482
99,10,1,-0.0898672180304617,-0.112257479058002,-0.0174546928731224,1.90719965842088,2.88852864550983,6.24854985400681,0.0124970997080136,-2.75956405722044
100,0,0,0,0,0,0,0,158.345132334747,0.316690264669495,0
100,1,1,0.974858104856971,-0.0323805261978922,-0.0591428470216157,0.731577228212298,1.66725063732707,163.510585074979,0.327021170149957,0.0321006961624924
100,2,1,1.47664941025843,1.8876724213706,-0.133402726089608,0.645601152236776,1.49674115042569,51.2681159105105,0.102536231821021,-1.12770799585953
100,3,1,1.15156270330698,1.64244239019618,-0.109729850119228,1.07430986718321,1.96749769233305,30.0883390548951,0.0601766781097901,-1.66063934271968
100,5,1,3.0235623369017,1.83795474321644,-0.0326489593374826,0.420052862296014,1.38846121098851,96.7878276248684,0.193575655249737,-0.492255793900335
